age_asia,age_eu
54.33700253438123,50.0205089677188
55.93298709951426,50.3713500701109
55.5777034275702,51.21759295782571
55.72108601000598,51.2588717111284
53.05865647114627,50.594598719121585
54.87717911012606,50.055096005958156
56.00801621843939,48.61521374179643
56.0433292994261,50.47486870788024
54.07487204016491,52.443524283317316
56.06640706885515,48.81957004000593
55.92527745872107,49.643585850866515
55.864269470479535,50.380474349120085
56.53397174707076,48.94728780318551
55.673815718644285,50.33547186232028
55.273391189443416,50.65687277419042
54.97802753106198,50.42494286235014
55.98623204179046,49.67640746176939
55.45614596392482,51.77437079536385
55.859338827916375,50.63909449764632
54.88108176378365,50.676672914939715
55.84242566161589,51.01483100458557
55.03501953094965,50.09378441980298
56.58514129432619,49.159162817546935
55.141154081098506,49.063386877618825
54.54500736815346,51.694287161713426
55.71283812942037,49.63052519199853
55.18738190092989,50.5929899239862
55.73678855220821,51.04560967580068
54.89247108392331,50.089336662866785
54.99176900497817,49.897504032141185
55.55601617976997,51.71587793811281
53.26904995058574,50.873438778883816
55.880151748613045,50.895911832608384
54.51228690069666,50.47782783981068
56.05161687343731,51.148856289820706
54.855750628057294,50.60587786033066
56.056576180926825,50.461894522967796
54.95265936082221,49.92178380539669
55.48487044066795,50.92587560949332
56.16846586336713,51.00329182124047
56.49848080247714,50.417633816001434
54.95495715001933,51.24448807398978
56.67066335457206,50.78521163943738
54.69647534067179,48.87815823676635
55.58981537376514,49.995372425448885
55.549638326742816,49.47340852337331
56.56070387390597,50.27364639737019
55.205837704278,49.769916323375654
56.42888344348208,51.254471616767795
55.807139462669966,50.37226743691166
55.13175648910735,50.97641021475933
55.7142323331047,50.597353221651026
55.71364391592877,50.7556828017773
56.21420567254249,50.66938889786006
55.55090436467366,49.527299379643765
54.19454944916954,51.02895517697442
55.81876716120589,50.70940609211278
55.3885986661728,51.32005077688945
55.21788125557745,50.18934601912031
55.79578846124021,50.638828619381485
55.54152710698162,51.37875126599869
56.16205796223745,51.158176125838395
55.53569786214277,51.75064076915954
56.04060017254431,50.75854377531492
54.79230726646426,51.168487282929426
56.416678483757835,48.24750864631692
55.440313919713205,49.764437873437004
56.06884645915571,50.83573337463249
55.782871714982235,51.4244221487414
55.41853567468536,50.074506137555325
55.253767692254954,49.5019808514528
55.64660582028312,50.610185176977765
52.339751157200524,50.997270337903416
55.31115599452898,50.289825882451495
55.57126349111184,50.25324973751391
55.693237305717496,50.75272952637791
55.9722049154814,50.89692908316605
54.70915310703667,50.43274670602865
55.27110448097132,49.509840372367414
55.52121066380595,50.96939669188846
54.31679068851545,51.13644370261402
55.442723034675545,51.71086226848694
54.4085755215588,50.033577381101495
56.48538791907646,48.64994140510309
54.971714515500544,49.15330045874042
55.02775854365623,49.59970652266023
56.04485025346837,50.800117841547134
54.94388975296883,50.710476221490836
54.7736892104074,50.72423739778812
56.459799998998676,51.64038945608448
56.46067047902676,50.64967799659712
54.77399164242027,51.40428902908762
56.34657997461279,51.39356652732935
55.40812606945818,49.11046734073068
55.439659490624116,50.80747425853216
56.03045371955374,49.07219555851081
56.5397232767697,51.00573050456726
56.31663061301363,50.034820975390424
55.480314230919014,50.4642400085939
56.14236305200064,51.87097438108911
54.38946422843707,50.18079388642412
55.294433323516664,49.606838354915155
55.63062417582788,49.19817658262133
55.95510391960311,51.62246407639053
55.06572263103887,49.98389441714668
55.983176845077246,50.27481667373198
56.001976381568,49.779365843319894
56.54899755913747,50.48371730771907
56.50395366144464,51.16868003099258
56.04183821168043,50.811594494563735
56.285433278812114,50.1261565522555
56.04452203041732,51.1159558171067
55.747865814303424,49.43680791505403
56.30865932185982,50.756728443837225
56.081259166352325,50.11559543948682
55.866763807755554,51.240478903205776
55.8415737690411,49.5562822207619
55.14767128165721,50.78163201729515
54.906366791459604,51.21071819626041
56.50343637670801,50.416450147046625
55.3081891059594,50.27960794760029
54.917520524910955,51.47317707804184
56.34891116122372,51.35510513590914
55.85835117802325,49.804256382921814
54.35955758685507,50.368661918404236
53.87215649729195,50.60713031831338
55.589182875950115,50.956855587917985
56.277540172259606,49.7206137963072
53.55797498139527,51.25638698886244
55.28336061232596,51.514517346653584
55.893181280969124,51.01655660336448
57.202169980197205,50.24155873580715
55.38147245628557,51.102739513683424
54.35244490399248,49.80107104965983
53.34095527518566,50.121921017051
53.48989188490116,49.361969769493655
56.27268607603555,48.67388409920175
56.08334499767106,51.33654456190918
55.888189607743406,51.25618763243589
55.07630701585845,50.53532708446821
55.24707924499276,48.99846093718889
56.40275199500009,50.561596171655516
56.586155777744956,50.55476261315613
55.171567382261024,51.52971568915094
54.80919575822186,49.99178440554356
55.455170074949805,49.686937368056846
56.184378709791474,50.59353577597354
55.23848965546095,49.26923666628438
54.858317712001785,50.54621568913297
55.33491795351682,51.37033727146913
55.96428481864818,49.130431452390205
55.18463319307073,51.432732827850934
56.105672934769636,49.61290744698001
54.60347292807062,49.689285179967854
55.76152135754331,50.412780147550336
54.1293242124934,51.13177587928938
55.62349060390965,50.75374528085455
56.00005334540333,49.83041075780814
56.374744961596456,49.98668758372533
55.742447199023744,51.585960209315175
54.5912925449372,51.42503001545266
54.82448411265065,51.48035378006867
55.03375894332051,50.04817800999408
54.49962131709395,50.997388904663886
55.741837309500816,49.984945413361544
54.5345230511431,50.11643451327132
56.01372489474913,51.621938810996504
55.811595240384335,50.04018759123622
56.49938816084806,49.96847547183342
55.29071379756301,50.640562459994634
55.113682373114244,49.78543073600121
55.425816677054996,49.54951230588351
55.682596187569246,51.59462965762018
56.12232400968304,51.01527235426888
56.879944215171186,51.33009284319182
54.65299522135127,48.98337280249778
56.65926232278489,51.53455594654703
56.13568483332555,51.82943432225428
56.233780794580454,49.01556264569196
55.9159985295518,49.74342617989954
54.643109962880665,50.30353948346013
55.954688857742646,49.02124785960269
56.705557608237186,49.72313719292704
56.16241345590801,49.61348349364664
54.375549752755624,50.48653605305366
55.287565229049,50.297512222780384
54.71002482686937,50.275160219324086
54.033352722192326,51.249902939050294
56.195086932937656,49.56694129482603
56.42908096872102,49.74676091563691
56.885181862746066,50.27038835744843
55.872499093182405,49.768654347573595
55.30424732350037,50.11803830492369
56.08984038126091,51.69165557184874
55.71209628462226,49.979221746142535
54.981099511521265,50.9332525190885
55.2234795008724,49.49431687508258
55.96572659468392,49.9452563771603
55.43978157244568,49.93471151866426
55.309073124658035,51.03065304907783
55.83059973370512,51.062476564253146
53.82223097962535,51.185933586018805
56.38210596268177,50.81904994976418
55.33836436732099,49.92743635999149
52.47219721689939,49.66429938476869
55.48474246239899,47.973183654157054
56.275940711488616,50.01141338012042
55.84768795641241,50.999342732623205
55.4967177132915,50.814779459475176
54.83696600263358,50.02041590667876
54.19941630623677,50.72411613772316
55.94352919413368,51.02632073054272
54.68247578773365,51.764445667235115
56.97125342859661,49.5339158835866
57.03457429826349,50.67839050801715
53.452827239270306,49.625316913001065
54.78419123473933,50.11418821035324
56.31064099914609,51.96529815222582
55.397327277344054,50.92059415195111
56.282800450473395,49.63947279833441
54.89606565179832,52.02212905361596
56.69332499031937,49.674499776162335
56.19603324081113,48.55950085787905
54.44813209841863,50.99986086896298
56.57189730877952,50.48553749762137
54.21700512060188,52.49636029822116
53.248013589241154,50.002353205831604
56.4081182869496,52.39763690216688
56.56986249364644,50.11377925387717
54.59599438441552,50.58041240666592
56.63232219924636,50.07350330858177
54.16533974283692,51.50744083724817
55.516756747319526,49.31934455145203
54.1501509709066,50.9134330600936
55.444121622786604,51.3199517613787
56.64760239336259,50.95816755980649
55.4455774660922,50.19519014035996
56.14511749148401,49.86864066680662
55.36485090924658,51.72248506243429
55.80079898355925,52.038015689341826
55.789452807637225,50.570408815294975
55.89825476826537,50.728346555067695
55.44559195474385,50.68996657485979
55.739827934185335,49.143697794631876
56.079832915995034,50.91663692497355
55.42486300325204,49.45026504106814
55.925329608901905,50.99643215415302
55.880965465858544,49.27432003982867
56.10317041884594,50.811030648207115
54.08390772723287,49.479885102789865
54.661600122075434,48.90842418567175
55.333561039627156,50.47202886050596
55.19419959718876,49.77286158289181
55.27618844757607,49.82447811607819
56.1024042853114,50.17036507726707
55.478891021766295,50.85253837651695
55.5428657649195,51.06551051252527
55.655724811248355,48.490505076056266
55.59941898627108,50.41786756705564
54.687750222800844,51.40600553182221
56.116774860744144,49.857243956499495
55.328933235823904,50.918008194411655
56.69333567744454,50.69453796985616
56.320939661186905,50.28490899962554
56.037459766835624,51.58955378269088
55.89527928352198,50.66231394249677
56.450751884088525,49.966130186891476
54.65342521857884,49.88790984050303
54.75452400211687,50.314909190422085
55.668378051192306,49.77051078895232
56.57987388558998,50.56048177197065
55.099945595390636,49.11336672088627
55.97149176451091,50.31047642320118
56.141604309213136,50.712957082572245
56.23040794593149,48.75876346531703
51.79144502241123,49.4561157740557
55.32954514984,51.13606167527245
56.37869550929828,49.71551929989513
53.798587823470356,49.2491807843171
55.0760188290572,50.15463676131474
54.788217464299635,50.735427561706906
55.385204075344625,51.1260845447834
54.290966203657746,50.72633052773524
56.02710042396023,50.56480303396901
56.05805134620301,50.03016300559896
55.56170017761355,50.31874080799696
56.39618068295123,52.062494276506236
55.65534684366323,50.77696144778875
54.961082967389636,50.961067704023726
56.48019565854234,49.84118326622812
55.54379124961472,48.81790367386415
56.6718083001476,50.13272963141753
56.02771008934023,50.19375723144135
54.84438007818307,49.872821096366415
55.4297513582282,49.31171313887212
56.171724945826575,51.11667220320314
55.79190216723787,50.06562951992935
55.713118368604974,49.99311236458507
54.54154898241719,50.521000699510175
55.60113068230727,50.19314521849166
56.228630941228865,50.787102486526955
54.7331967995745,50.307896085374075
54.928072532452404,50.02266528499242
56.22465643913743,51.10133409428212
55.99843344937566,49.962156840913885
54.96849190804277,51.11948932834471
56.23413797946825,50.92860503284058
55.63162453314039,47.93185790091892
54.80642651524038,50.60470330867816
55.592915239660876,51.466701835832254
54.11986983681749,49.38385537428425
55.53071406470081,50.88106207155872
55.152461908071736,50.49241125074651
55.08639600358072,50.44886157485958
56.03589717925153,50.317750257760494
55.365414761790454,51.222250434534004
55.54893729237238,50.52591038779327
55.38685806313455,49.83202351566672
56.152745256018534,50.20157730319082
55.602199377258145,52.297542681354585
55.680252555807556,50.98732143308586
56.20415927508747,49.537962253305956
55.25949124510353,49.430547114748826
56.256555181409766,50.4677514731062
54.917978744649275,51.98734611979031
54.075023278667935,49.92349681038116
54.605334640091066,51.36417382709556
55.561696471920776,49.44752524432174
54.319961563997076,50.33175212477102
56.28699226647382,48.616750480178304
54.67774835449273,50.60166988800161
55.390687926257684,48.49380272621774
56.452158401958194,51.11328357309063
55.41738346200927,50.70265399666281
55.12016735473425,50.566087691606725
54.32357402659244,49.94116185855545
56.660636555830116,49.850791151647414
54.900380023065885,51.34383318342014
55.01616890849528,52.278409000186585
55.99542584717413,49.37104229441402
56.215726284121196,50.3571778277753
55.956809313559646,49.408490459859316
56.47030340491614,51.324322200637425
56.075697446477946,49.98044530939185
54.898995160643686,50.524051422492356
53.654154001017595,50.59043715747984
55.92425280707678,51.30260324754273
55.454159252145026,50.903518302244144
55.74672548306186,50.34483631397156
55.550137254084966,50.621400079706845
55.173276880917236,50.96114518553186
55.55065083297774,49.976618186396344
54.738741345899804,50.47801604466828
55.51896954390467,50.1701395432731
54.79284924390151,50.24912158812178
55.123740151737834,49.91078987618221
54.68202428417705,50.78237746183851
55.72538299222337,50.297080334217874
55.911447311041485,49.660061765388164
55.838077880543736,50.90528979764532
56.05132117655154,50.790225030859645
53.73827666663635,49.211644772277516
55.1550553576515,48.43450701883245
54.86265486318813,49.11877663335188
55.9142000227986,49.48951948602498
55.79815657162281,50.63660297582153
55.22681053578407,49.88058498585213
55.55121129410865,50.217405484124306
54.71860114517501,49.9098883043275
55.0773350588695,51.754698897472856
55.65175606393347,50.69554114484403
56.668022357965285,49.823945887331156
55.844981841207165,49.22303987131467
55.91551683846389,50.54472306863539
55.93149066133144,49.22299714546409
54.93038960078253,50.05181631278381
54.576298142278596,52.18768763638878
55.08772374468289,51.00911697033593
56.158498350482546,50.56035946435186
56.005256079112634,50.598745572619755
55.9730837632436,50.853329940273255
55.75479995903423,50.07001955801444
57.028888184738356,50.506025817820195
54.623784433611405,48.18088096766788
55.06278129111804,48.73607885269333
56.58650912799231,50.94252785680901
55.127864685114645,50.80200171560171
54.24272985130825,48.422453946664106
55.38203543535532,50.104957969470654
54.01906524848433,50.76318126701957
54.95965350015859,49.543649551587485
53.91325330675647,49.27747948065259
53.6689357403602,50.67987155859145
55.76325286588276,50.07485380390649
55.113548095577855,49.47679701967938
56.22721763996055,49.35600056864342
55.649215719197855,50.67789827120328
55.55704292864928,50.9637674394913
55.90098823500466,49.82415011254361
55.76959106438656,51.0892257671229
55.8034868860819,49.854407592312256
56.044479476769894,52.231541570626156
54.31438571878308,48.94679983882159
55.06226516129276,50.2056256066521
55.17270351487434,50.82395449461302
55.37416931621325,50.20024863646468
55.99222308222477,50.676296538252856
54.840505740476665,49.76657320634075
55.34653079553048,50.842281801313085
54.534029920253275,49.56727235505279
54.40165861509692,49.67607387942459
55.26295894586462,49.773423150474216
55.160609059471746,50.957287011222135
54.97038903587365,50.210682993841274
55.224244581175135,51.6212193488856
56.31893953933724,49.54253318373855
55.75818255463418,50.468658685272345
55.80158818608059,51.66381361187398
54.75964729532474,51.91016288200996
54.69329890892871,51.151317352603876
55.20633476095137,49.527216137888615
54.6877279336243,51.13921108973767
55.132101255437796,50.09095853142914
55.99840388096051,49.35751762461933
55.39018625307847,49.88587064663655
55.09693700577524,51.200480408858276
55.56202123468482,50.00442435684214
54.817279514096654,50.15356720668261
55.445255297565986,49.48329113289706
55.03158998610704,49.997674793598534
55.67056997246416,49.91995634464923
55.55774710547904,51.20744666636285
55.069288443183865,49.47064264756715
53.673614534314446,49.17638768572887
55.58725396349698,50.44740106508576
56.1223976373641,50.57185714583499
55.76431700975889,50.26570427882759
55.85157525800228,51.70042158958518
55.933537790812366,49.96970012152107
54.70908894607688,49.89734673147167
56.65751245483715,50.92267267408832
54.361742687146595,48.57998784449028
56.26440309000919,51.8391851509172
55.326752787248395,50.829049698068204
55.25434608744715,51.22835332552235
56.19088260893935,49.96911376228082
56.160880299259595,48.52697830596495
54.4087034526713,49.23422746629225
54.442609735239735,50.308717246202555
55.83664009924242,51.165126408204834
54.907919420662736,49.195290551689006
55.81563779111911,49.94954616179828
56.14599210839898,51.19399476093997
55.79588318111408,50.58960446553679
55.53785609776328,51.63870342972827
55.873073426145254,49.69924636616356
56.30026400615854,48.30932304030513
56.347466087693334,52.57615237840028
53.65957076577799,51.24489178089762
55.40248533521674,49.6208653284505
55.62620062514586,50.18246144432201
55.86401384847719,50.395836791788774
55.48605015699876,50.939417535693366
56.07244925438606,50.02012973303037
56.00358450287198,49.940269148590204
55.813289585893855,50.71011356640424
55.682038821368195,50.42724161742106
55.56704604184513,50.98811993291747
56.36239073019525,50.61932798368572
55.86481139954935,48.73216305722578
56.197080873043035,51.65119472132152
54.3274494710199,49.858890681020206
55.821285167198624,50.5964356120649
54.771318967490984,51.610530406731534
55.99943295820795,50.78149893860439
55.15799251242153,50.58787640077371
56.14278804162572,50.74850077559377
56.22953176275315,49.492621682983945
55.85667465008102,49.930082712972386
55.31664996534856,49.99242908374013
54.73812864859468,50.44863662132978
55.56161956527437,49.90914934230721
55.77157886540168,51.06937674500724
56.47963610380785,51.187271444396025
55.50922975416556,49.69772640809111
55.77149186719254,51.593417274463704
55.52666385879829,49.99138140091457
56.55999856123981,51.25568851314058
56.147931175959926,49.85320455183833
55.12130457409171,49.902050261060474
55.185439425976895,49.675531346420684
56.989788277910314,50.82040591562219
55.816861856267,50.26693141643849
55.49741650310935,49.930694116190274
56.63604168038803,50.35229768455473
55.59218199425521,50.79882975302563
55.60616480458013,50.085965644924606
55.888059086720645,49.559774818297406
55.01127578066224,50.71875013136497
55.62769520331995,50.12285601553367
55.79676946619813,51.17142348739819
53.94044881055911,50.76383288457105
56.367376148961014,50.98910586098879
56.36388005727959,49.54228384565987
55.29640386008269,50.39193389675689
56.50374475888192,51.83854058178882
55.22490820434852,50.907498860736965
55.98212923853767,49.45422159010903
55.70358137246805,50.911452083792966
55.51171343291974,49.81422767406066
56.39205101790645,50.68212363742151
55.96583740302043,50.775721732607984
55.79140278226207,49.68407291717011
55.44134853532224,49.99055800494201
55.386696976135774,48.81717710930595
55.46510037649028,48.58885424442856
53.91203678516952,50.248525246675094
55.799225120616306,48.935155328752224
56.350570151068936,50.588749317453285
55.39814538766423,48.878534948240834
55.94147539017417,50.43001234694089
55.191593239988464,50.46199959709464
54.80771639244121,50.54258191193673
55.01492687851365,49.89483465355671
56.262290065277945,50.43546538667729
56.25968860560629,49.42799521764628
55.948595612536245,50.72159384703598
56.15796422353192,50.45769778685985
55.11674292305173,51.604830541406784
55.98879360555176,51.47548221475907
53.45618792882322,49.67264859521
55.90505836387236,50.09902789479934
55.33192389139606,50.66041422164648
55.888443183051095,51.10823178341725
54.581656727415535,51.418439180021366
55.46825842859293,51.794817815777236
55.70769789033033,51.36120607932044
55.69627217579565,50.35601350705725
56.722927163135346,51.08037450676937
55.42369273940404,49.80273345533902
55.894123575363714,50.29192830093859
54.287395020344505,50.706000917745264
54.15469091983328,50.80785952184002
56.326703336938834,50.82147312999739
56.37797059959279,50.595987168655405
54.04429154645877,49.8309233982202
56.36328498423649,50.96592359567797
56.50605732022926,50.709388591183654
55.65730954356182,50.71165412986085
54.405226577736094,49.51974438814519
54.34861343002495,50.98018484237506
56.224440509380514,49.10057862042463
56.420213514542745,50.823953624834814
56.5903023059406,49.422973521506606
55.58890062947425,50.31561618425036
55.88857064600315,51.51515842208845
55.656647018999536,50.40085051132456
55.475979397053564,50.709451890452854
54.67927584013647,51.005105385962196
55.632070176005,49.58496807172712
55.39746136564111,50.37660918962269
54.300167121120744,51.01706734891975
55.193322579954895,49.016506197037614
55.67757814339819,48.92304181305701
56.184070538010076,50.51552329459229
55.35014860545329,51.079553689895114
55.347729996515135,50.40510545938088
56.494207503256895,50.55684638202656
55.6300761163932,50.19335746896621
55.505297190666745,50.62913711001901
55.24432059688743,51.52045073601251
56.758137391677785,48.15589004896017
56.44728682307038,49.332905653291355
55.27107379854024,49.32661432575511
54.108818334058526,49.42092311707496
56.70449879652408,51.50700560193091
55.38843069021796,51.12617860685472
57.05859339473439,48.952634202479786
55.812263388959444,51.571212497823126
54.4466604449605,50.18542738589627
56.181561348427,51.34583931106256
55.93539961227848,50.23391357865317
56.136893219603074,50.779517434593096
55.6335627313326,50.05028078655018
55.49740924546864,49.86607174539389
55.2449044890979,48.9621794888186
55.66175058660217,49.32201645987138
54.31365694531693,51.879586519006416
56.23649491520952,50.406969856511274
55.32927450056165,50.900457257045346
55.95643455831559,50.88644909967424
54.66756240396068,51.04507312690109
55.55622935179239,49.96947519691535
56.12855317991449,49.10067203901844
55.42734574657248,50.253588828437195
53.23398703014089,50.402931804207974
56.238052060693974,51.18840913537774
55.64389937930593,49.726218571010975
56.328717678881624,50.64645665424456
55.4152594468661,50.1730410873064
55.82567386975591,50.234462715453596
56.41227095312129,49.889480623179736
56.762357717811604,50.12296407694046
56.010953925865515,49.93696342034231
54.405992461164104,51.73834845220672
54.44464639887239,50.63384129074682
54.0479063499524,49.263404854518676
54.20493256225292,49.92897063565772
54.454921516904164,51.88644463021063
55.24213060112786,51.45704319271113
55.73161751191319,49.9115080544657
54.23425160464423,51.771477259303644
55.76227148481672,49.172230578398455
55.42940524890359,50.83341905944788
55.11788051559922,52.057849605579456
55.84430029974297,50.4158105629894
54.8953676747301,50.82332752444818
53.749630979322475,51.41689855994336
55.302376144842846,49.91309950084626
56.0729109926722,50.79444452039
55.830000025127376,51.742824352825274
54.346245431275385,50.85156610025738
56.065321178253484,48.62617137096366
55.133575032170675,50.05520378877613
55.05660882392704,51.02632578290793
55.77132546287351,50.788818793296855
56.48901395582758,49.24186427455506
56.87984596234635,51.11208850324153
55.82757106638123,50.34871525694336
55.569776269260764,50.33202419524622
55.92765932123349,50.98806551789703
55.15426483161515,50.560638779793855
55.29284459102674,50.754150253785035
56.11378506642522,49.155468357496375
55.89505524320384,49.873040773820925
55.61040764025823,48.836422230510806
56.01004698971069,51.32266970300587
54.36421057751638,50.0683355451041
54.05605186512543,50.35399377872524
56.28257909519088,50.75191884494151
55.98676640878401,48.63003507759157
54.76383386368477,51.63959179942465
55.00182117474851,50.391416283079806
56.47958102259765,49.49196037489179
54.9472472271709,51.64190738639108
55.26797854775702,49.76243294921888
55.39515880076119,51.00678800600485
54.04059666470608,49.546680849274026
55.29998656994751,50.14135927121257
54.462527576000724,51.07852592671942
55.04769001842089,50.50696292491072
54.60255031961474,49.88793364511327
55.36416310942917,49.73021223445997
55.98434377369426,50.1579458939686
53.728523497510594,50.132556974176225
55.386918059822015,51.80076914826418
55.120256553172645,50.34778043100683
55.666772778555945,50.60050051262202
55.209190575722076,50.84564053730444
54.97730560143099,50.59255321309376
55.332634037763626,50.06525847093856
54.25446184992353,50.86990530407235
56.1982618384693,50.34650259302528
55.43036083527814,51.055940430310194
55.57809398508082,50.93504660997859
56.20838298508696,50.31033805337105
56.53072233173495,49.88911048891695
55.64605380754551,50.33387658706695
54.72763110063914,49.25160898018436
55.88766476225191,52.01203289101762
55.554302874433375,50.00008562470286
54.93835119240077,51.789243802006844
52.97903158839712,50.48174084941182
54.1782763370581,50.42253414773277
57.06602837867123,51.018228418254964
54.30390940307118,51.17020736446305
55.27644017240204,50.1957621951137
54.384409446873335,50.61579708372652
55.48376520902246,50.433458031949016
54.20202281279943,50.312830264795714
55.05022266824515,50.04299274324517
56.38836004450589,50.066039534985045
55.43932382781822,49.23890466236432
55.320171383368546,50.30716043673718
54.57777475955433,49.229599570463
56.03700774264339,50.532455963867484
54.55868559214346,49.778144916779304
56.02323843926392,49.44997171744402
55.82041165335662,50.488159623650716
56.30914632653583,50.14020636038247
56.57555694944404,50.28173863494305
55.85208229601319,50.038770402277635
53.97910812172248,50.39660270186023
56.02997085007011,50.438024580464656
55.6318729189496,50.018304757094754
56.88673625279464,49.6188657521934
54.42536550282993,50.975171381611425
56.226087566205265,51.7549805737366
55.38108355629264,51.3590148107492
55.50770421892715,51.837644078416695
55.526366715120304,50.57938969005469
55.102504953294016,49.52110947983945
55.656976701117124,51.06333769611171
56.05641087180988,51.3299998590582
55.54007463037738,49.75466153480509
55.272777049331474,49.328026753501
56.4815829929137,51.05574500607152
55.6488720876707,50.00557019288548
55.185746556480034,50.872436270561366
53.95789460382543,49.5290479984956
54.307842184121895,50.135142104520554
55.978521702748886,49.912402721398045
56.11992932743623,50.62891542092766
55.65801806109011,50.53935710457226
55.58982969012836,48.73307327133907
56.02213422635142,50.31960160814367
55.80084599419551,50.705480258974085
56.22817840587803,50.694769692942074
56.107918508391194,49.06233891158019
55.37836254256414,50.01036265318327
55.61123999131727,49.087848213599166
55.647343795537054,51.09280418468625
56.13974865629868,49.38483248137914
54.495458784190966,51.36228685491307
56.03621983410326,49.07690478935336
55.428589761756925,50.62002334621779
55.07727392575561,50.20817621671548
56.584491401819704,51.27556844379988
55.96576697157536,50.61294781030878
55.674167378925,50.68927373447959
55.38037523371537,51.24988019252615
54.89559008561212,49.98989925640253
54.691295585126255,51.096362753758186
55.226435119251036,51.363494671784075
53.23032742451784,49.428035964850714
55.996346036422466,50.003963062637276
56.134662424716765,51.89044351399309
54.471618366474566,50.586943403694285
53.84345202756359,50.71181022045415
56.24120298433724,50.77561807387969
55.38834797220417,50.04424920064048
55.643888319742395,51.42357692652956
56.415421979235184,50.142621367703406
56.64835349463027,50.6865737482338
55.45004995485246,50.23293428158514
55.31642512168968,51.826029540007305
56.0205481029949,50.784189306734106
56.06116731694002,49.84750188290533
55.478544006980265,51.63156394636565
55.28333326543099,51.06173679034276
56.569492466845254,51.0658595061351
53.76692434329198,50.345186650804735
55.26451661972323,51.30955642858281
55.736752855717945,51.151766146104265
55.074512466042655,50.16443403862889
54.06062129318416,51.19103890525827
55.491661563255256,50.87427530703604
56.7399010920881,51.263942556419806
53.45774571866097,51.90056330089912
56.58366943938123,48.68730560982192
56.36688550947664,50.911960218383214
55.08122859071595,49.08639257578132
55.1112347382241,51.83114889357642
54.84927521283987,50.29471710704408
54.54294732430783,49.614293040941675
53.32282607016355,50.744767923370894
56.28501253331604,50.52748937773709
54.6268751899644,50.657897668291106
55.55784516294362,50.402288984487896
55.17663205837104,50.327981552402825
55.601492886407804,49.8447678003069
56.29728017615588,49.471263050042744
55.29005362578102,49.46436152171699
55.59572667218083,51.01081906893833
54.75945826362569,50.615269840785345
54.85847689182873,51.18816385292154
53.89049377506673,50.43337456781454
53.156357450076136,50.9846153518761
55.60872871883561,49.35628051128952
54.933762662979426,49.74078224341168
54.911261391826315,49.376382023449224
56.14396317935026,50.85934788866649
55.905396513841154,51.59372325336678
54.6561255907306,49.75432420259363
55.61811309449915,51.07234198163426
55.52438297056225,50.77398339469759
54.5891129631751,50.56755661694968
55.81946115136559,51.97723126964908
55.21161163573108,51.262915702388554
53.655969650631505,50.95606245108824
55.726843577587346,50.74030834217083
53.97002474751083,51.237364137630934
54.91210247509144,51.02087637223035
55.17954271045735,51.95757764083795
54.443958661238405,50.81146221125178
55.817974271506834,50.190225598778866
56.38790710801407,50.494409013987635
55.22877837646659,50.64589170268794
56.24270959935099,50.401745813245206
55.46113534707382,49.20114281362343
54.63679926140603,50.6538756976234
55.74810187915449,50.516375229103474
56.66398210054366,49.209958451212096
55.33982248895924,50.77447383488482
54.51012601076798,47.838642359684115
54.97928419914828,51.04223741692013
52.55419518510118,51.8828569754963
56.486573392171884,51.266587313841114
53.528481252075366,51.41283548631675
56.58068920411216,50.58820509725107
55.46411544828167,50.92984543962057
56.077881905405754,50.6511670742544
56.031640031623894,49.887892439949354
55.591504659433596,51.876676599584904
55.097189007647515,51.00051053020073
54.50787526730679,51.055852829093745
54.0061992993829,50.02588518497973
55.939913357353085,51.626539475104806
56.11497308066924,50.62151943676224
55.89145579672614,51.44702646891298
54.795907827460226,51.007215629792846
55.9291179633614,50.94999286462266
55.95090901739541,50.07536871089509
55.86923307610111,50.74447857186552
56.185142745960164,50.877926988418594
54.981524062561135,51.66044299690475
56.26226471365212,50.146322369691354
56.03645803490462,51.06591454176968
54.83024620660301,50.94468037542394
53.271330431232265,51.25574984563868
55.30054671593266,49.198174096160464
56.28340489598594,50.23969540371744
55.4241320637177,50.37285749461293
55.067897286504255,50.34478614431788
55.67987489388405,50.20441699697718
54.80896396392125,51.117474144666254
54.44095797365776,50.901950069107166
55.798165071742105,50.87435537831851
55.79205405651525,50.48114408742451
53.65660159013311,50.54623027628963
55.539317584941195,50.8103172934726
56.205567998317505,50.39443075925817
54.6136720694393,50.96054459956281
56.14963764444568,50.819289350882116
55.636526388263114,50.14440402239562
54.063418072656646,49.795324857722065
56.857064990689615,49.59438802011589
55.11860699293126,50.934297174006936
54.97479733471054,51.827637160529775
56.072025733969404,51.56049292341164
55.261160898413614,48.405990832452
54.40074264076867,49.954874626890295
56.52594985766394,52.63257686187761
56.31738359385235,49.27285335143628
55.308562201195926,50.08805208904419
55.27450320212634,50.563393260424995
55.6462438167154,50.540418399671985
54.137651259229706,52.03344282263781
56.73348079027533,49.838069816418376
55.86324658499862,50.148030287508206
56.14700929421061,51.596004910231215
54.46904952612655,49.32169297460299
52.89152866772008,51.351101812437186
55.94598889638401,49.992787521237645
54.93188321317658,50.45082798966499
55.05398409023305,49.3168065446355
56.105413723663695,51.45386031081384
55.612411346009274,50.185156871187075
55.59789619423883,50.57240721331934
56.063175970878405,50.097055971637594
54.161058966629376,51.003721974711844
55.200614495133756,51.66389133917727
55.072915970520995,49.36552608115539
55.84065213216305,49.49651613219831
56.06618401637336,52.20129222564759
54.780159891707754,50.52084983187248
56.16215721264813,51.324762454691204
54.47828255925837,50.53436386851645
55.661036467303,50.810057134146945
55.73998512059424,50.290311704165546
53.901506402093474,51.21426266892642
56.585856895522625,50.53865499413681
55.01241292321536,50.91119444155958
54.19197022894821,50.81302673881133
55.637895821348636,50.72240546284907
55.8460609483494,50.07685236615655
55.18889171591297,50.174589257508046
54.97071700588353,49.858732129644395
55.53238533789871,51.02380043548292
55.693423150688346,50.60150156901458
56.31034402416493,51.95810590920938
55.07056855925195,50.64734898798373
56.01077085228259,50.44754324058971
55.641451638013216,50.26440029303011
55.72747308970336,50.155225517936536
56.054228602182306,51.20863350580779
55.93638214561599,50.5969258579538
55.11609590448125,50.539613759450766
54.30635476733263,50.40098771966899
56.6899567248672,49.04051181219337
55.71069176342353,49.78880918457519
56.08531829928141,50.72419374105588
53.77731730584388,50.317156838767964
55.8030082289,51.59018306525202
55.7395038601805,51.89363301038914
55.35087601516876,50.273008004321596
55.03263647184194,50.98088996707677
55.77820411697749,50.339471379540925
56.41291538025169,50.439118044148366
55.76597378818978,50.61997435652815
55.6511951266287,49.17651426715983
54.57324485758416,51.50937359451774
54.61959149025767,50.30229648481536
56.026514199465815,50.426230390792924
55.16896995812565,50.07996448823663
56.31333711314942,51.656818265734316
54.38372046525029,51.412607719124715
55.58192748479084,51.77887607253401
56.28468541309968,50.656714857572
55.42189040108415,51.12952421909943
56.50741978810795,50.2637267215838
56.42339630064273,51.315764429769466
55.00569229481714,49.429337002175046
55.48987687933584,52.6552343448338
55.202864369204974,52.27613483683913
55.71472968041102,50.163398257335444
55.96539435748347,50.15825877151788
54.53772670735078,50.96841321318927
55.627493895016926,49.105017160462886
56.2138209896362,51.00246970958456
55.682483454373966,50.384594701697154
54.843400280359376,49.47114619747771
56.08767234223461,51.49710647497863
55.77776301696941,50.100513363043966
55.56531822290821,49.809357490832184
55.71111074083479,48.7580419191922
54.159339925830196,50.906613660615115
56.14871673125944,53.15598482972227
54.90132545723942,50.77339595424836
55.455685590182945,50.60879197296147
55.17907158958442,50.59029525914191
55.59750141237257,50.62482649213491
55.81824195504423,49.990245616639754
55.20753026224206,50.23587975122155
55.719342629817575,50.413142068827796
55.27461606338834,50.16055718960773
55.454648384600404,49.826095172771964
56.9041817572316,50.072660224985064
54.742782663322174,50.96763832584486
56.35559055618976,49.84339278512933
55.43722278302806,50.13617111082485
55.621784217084155,50.46567274016498
53.77825976924498,51.831783559029226
55.87790535453763,50.52285526569335
55.882945494232665,50.57573290904097
54.6398105117292,50.08825874811196
54.989809256121276,50.23119267162815
53.35720465152948,50.369380949882256
54.41267939391029,50.09519308403376
55.64166470916665,50.94177064588924
55.87342221941437,51.687942162966905
55.956264585696324,52.52449369655686
54.85399825012817,50.42849305875469
54.74173183487061,49.488340628970775
55.93290112777748,50.309606066137725
54.54736408869762,51.475231818637745
55.90181578355855,49.980330218749664
56.0107627470132,50.66353404314805
55.23268257837935,48.76689305519411
55.22802827795157,49.788100423777436
55.48286191258024,49.97552980954861
55.21791143538437,49.011594648398
54.282855138357725,50.44032139714382
55.58144000722263,50.94495145005726
53.48745132221639,50.00134750321576
55.44902113240079,48.98093541121533
54.19605840556561,50.22304896944419
55.340630946810435,51.20180575031627
55.82831742538177,50.93802625802909
55.19167422169257,50.607645704482835
53.98937979177759,49.76678067218549
56.48967611645849,50.22756166693526
56.47513998862221,52.68095333533529
55.12174611394096,50.80464466143788
55.315795658120024,49.52163884489071
53.679862703397475,49.74057020572057
54.6796783767576,50.70591758623692
54.458790001407756,49.39122365869237
55.59756922634336,48.94853559820153
56.274366718699234,50.3329290935742
55.671014326177435,50.14348788590937
56.85516574112087,51.74705871844355
55.17453051433054,49.586029880779805
55.6607226531121,50.87831606221645
55.555401518017995,50.36155515113213
56.147939951083984,51.12959988717273
55.77066213772828,51.162416868404314
55.45897245879476,52.39010944002639
56.04842832433572,51.28864469410408
56.39518503851534,49.81530598154158
56.54164261391557,50.28909700972349
53.74515392693639,50.582934457976435
55.749872965572074,50.10313060567123
55.69216518195791,49.8644211079283
55.93351128267588,49.48075294559548
55.75405183703589,49.766292426562195
53.74368144138347,50.61572717434026
55.216325589972485,49.773701267454896
55.833353853785496,51.25504672139376
55.29212689761705,50.51408106832951
55.635774847029865,50.86579080116809
56.087101909058674,51.27999383809533
56.684489621669535,50.990973388639524
55.8662113501366,50.701904570694744
56.064379785299224,49.77748570218587
55.68037450138601,48.88061122490499
54.331915177041026,51.060442794557574
55.9317785419372,49.67611043029917
56.91349555250924,50.80082505437463
56.04916784037937,50.99137082343245
53.89354675968783,51.01925523496785
54.87332441410241,48.56363881618564
55.42234157187463,50.583672083137266
54.613281515272256,50.68599627059284
55.77473856355078,50.29523846840552
55.20930339957016,51.42557146418174
54.79818437667489,51.319494121589294
53.8737433444198,50.87435171107601
56.51287331016926,50.987628804779334
55.27257477281033,49.94553000202626
53.054830722990616,50.722267830978076
56.60652803056314,50.73530670039722
55.44408950870401,51.258188416312365
56.961640809119956,51.18827927319341
55.30138186309827,50.49018061161186
55.2732782572227,49.94594241343403
55.49067965879326,51.23198259618398
55.1735829152284,50.28443273696673
54.91137746403156,49.58598471993061
56.30987791072892,49.88018167022319
56.24574559923516,51.00463438832823
55.49530805834508,51.63829653997699
57.007183977928186,50.745738681647126
55.246147668223585,50.76404421664984
55.178673338767304,48.51073816579173
56.19768043772272,49.94288019756315
56.41647726023038,49.79055442153837
56.38496110418574,48.917355825739655
54.28834750898048,50.97674305293766
56.4316309201169,50.73898748085641
56.42699886425545,50.31989632495611
55.43758498762719,50.84783910899024
55.87602829050509,49.88371399059543
53.738902250031956,51.442060710328214
56.63113155986508,50.2206744220184
55.72702012722558,50.897426582710544
55.995740254948956,52.585572900569176
56.29505247695597,50.824093026754774
55.88031028843811,50.39948890213515
56.82429528941775,49.73146649882755
56.161219116401504,49.83074177474634
54.7682107711387,49.52623496837581
55.14113557137601,50.43066543568305
55.352646788715326,50.03095130606465
55.705148297470004,51.095194838927426
56.1054674180696,51.36469144137511
55.535001817990555,50.6408255949483
54.03616639673442,50.114567497798376
55.32454454839524,50.13338729927098
54.79209138261042,50.40378588692112
56.26967414600505,49.74426470050788
56.45449368126068,50.95168605305226
56.52947432992167,51.4694502515172
56.258409427166754,48.893794619306526
56.69759729983181,49.46993522049108
55.171590385978114,50.250095963050164
53.670751192120015,51.650479833373254
56.01523321139001,49.84778659076398
54.28569181789534,49.39619648609201
55.47215983032717,50.315319201905886
55.20351440330241,51.2546394015258
56.446755637896054,49.901118279064576
54.53028953878524,50.788561771651366
54.31337682395329,49.744162999260766
55.76656331912431,50.21140743170542
56.059003198076454,50.20295313417398
56.00785750706797,50.32077295936057
55.06560319815674,50.33822255234318
55.53017221856054,50.817290060956644
54.87603518355394,50.28479269382778
54.887916982264386,51.0332224499227
56.07525484834636,50.18606140717547
55.36700259799755,50.49910975841786
56.15451804066995,50.39485714490816
55.930073250093415,50.33368358126589
55.7839957053541,50.43168516387911
56.85220546222433,49.38810201048975
56.11861593340836,51.19592617478175
55.3383688164427,50.848467106635425
55.07643502131764,50.0220298845654
56.12881513916952,51.49833471008617
55.64512102331383,50.45684446522273
53.72143606514063,51.09571720733788
56.10133154130077,50.47267209404238
55.77548256781951,51.052592728354455
55.62589437064659,51.23684911843452
56.39576156349536,51.329796851784934
55.25698021782628,50.64068606949387
55.44377565905527,49.30368352559695
55.20096330225506,49.74705899648081
55.9366774085425,50.27822112191618
53.70208457768892,51.011267398870714
55.173939445088116,51.475765048631054
55.48920944755601,50.64479249117481
56.06908560761517,49.73932986004014
55.05392892649408,50.00302707048089
54.76836833918455,50.882377292107925
55.96082661916541,50.75754040867781
54.92869633996165,50.79724043157326
55.956497576999986,50.65344569835482
55.69602534536596,50.491021370423645
56.44928201878698,50.884678018614444
56.03338802817265,50.2074918289788
54.89978323723313,49.32974473788713
56.01886928006319,49.83402019173796
55.7197296375057,49.80762986533492
55.8965010327189,50.62902706260768
53.50064678980285,49.74250201505334
55.6818464180463,50.540414005536654
55.94861539721262,51.98971899218787
55.13391548590702,49.7448541900937
55.2661625670533,49.90801565076835
55.5291853108622,49.45739279853371
56.426849440735964,49.44452019578426
56.151132912734326,50.59379729252202
54.966835523031556,50.923729210094315
56.098899645268745,49.38837861740065
56.63165898015422,49.81289899492283
56.10977695194261,50.12057617108822
55.17575162470873,50.554713744302596
56.13611604039605,50.34660945554026
55.661436301482574,49.588875456794064
55.648154339874374,51.32612097613286
55.26501479811552,51.21019612337557
54.950102678669055,50.79784480390948
55.750828554778266,51.15474355645517
56.024437366558914,50.87706492113224
56.56763912741953,49.888910935805654
55.157551371727344,49.28070413643144
55.582460300690784,49.655726696032495
55.102295599545556,50.7903930011461
55.91053033624398,50.66513729324095
55.53241877763207,51.78192311432099
55.395662790469345,50.77926252331462
54.7596906715245,49.35358262066921
55.63667068167791,50.22735829910782
55.725342268580114,50.48156368058249
56.130702631011616,50.70153646449838
54.282610141154095,49.908055953736024
54.532352100970634,50.341798431382244
54.724716429965916,50.61173001374865
54.22832014889079,50.59292941375228
56.3760991267099,50.833745337791136
55.73896820810568,49.51967953617811
55.74910861007776,51.05362484254794
54.22237835815997,50.16181891259365
55.3701613525413,50.83104225543545
55.6446831470354,51.30306177833793
55.86200126271375,51.20477504300985
55.45606678365339,50.78172399203333
56.30925978582603,49.97770450642122
55.07860561407622,50.33173819101488
55.444121167969186,50.94033103057643
56.37843618569639,51.59115783533851
54.15026874537478,50.21641906001234
55.20733311171652,51.203394237749954
55.104672635691685,51.59236677349234
56.39536437501458,49.890828840274985
55.52614201617625,51.68428918179537
55.5060411396165,50.44976282724408
53.549668302573465,49.947452556993476
54.64300942584111,48.98073401482118
55.878978898377035,51.08350858066463
54.95127385582389,49.688909040430154
55.2992105364638,51.05394126159096
55.755883704504605,51.37405118752879
54.29404116500723,51.06690150730885
56.24009671820751,50.91515452975612
54.98082805626241,47.91377262121943
55.651222132061584,49.86144384764788
53.88120649593682,49.34297698720171
55.94486379188433,51.118231444068385
56.00946371761933,49.30175510345996
55.86301691567676,50.238562171643196
55.98096971297168,51.436850077044134
55.15435025887435,48.78936547170976
55.981408658641136,51.138238980298745
54.788251198586856,52.32919766726692
55.627374126086636,49.89971969940283
55.759104165018016,49.99042976955744
56.598518300041874,50.54826377441705
55.61654954731357,50.55963227718669
53.6492741446964,50.43931459851732
54.89026284374461,50.257566505564405
56.44930718799709,50.41239900333217
55.92225451334254,50.04651058139118
54.37370169712964,49.281430582203704
56.353441703235355,51.565268079739454
55.121958002775614,51.712304452273024
55.09122198222563,51.38392451082554
54.23556161858014,50.044372378771925
56.29964532364669,49.62421001005863
56.35777926770124,50.702081367856216
55.71755911068256,50.710408534781685
54.81273259492107,51.43090483768444
56.18792304467145,51.323844659925705
54.76200680758289,49.80048341325016
55.33991545477211,49.412238330431556
53.59407682785928,50.52547816760583
52.88781459772551,50.0079011735159
56.106096891228205,49.73552472614963
55.76507413331709,50.78845591824916
55.00673045179546,50.692098888770595
55.946419359990706,49.23638412783419
56.519646175381496,47.94790029416284
55.690142354871796,50.697827794635906
55.878718817393114,50.18750680698352
54.73381255733004,50.2580572366293
55.547470114837665,51.083522312439364
55.93864576586362,51.16417624363853
54.272601771837046,51.074753094373406
54.7695789537717,50.016627681224925
54.590091338680935,51.7907786295852
55.943512649971176,50.16064833073929
54.414260590165426,50.61835936226268
54.5410127734312,50.82020627564762
56.16982727527884,50.60128592335129
55.90345098738112,49.86850605365963
54.99726223691294,49.965594110980916
56.8711744518474,51.2883572621484
56.536825382851895,50.01607352781421
54.24930593681657,49.30964132070759
54.87148936733827,49.53013270430584
56.3646891733975,49.892677691598074
55.050104632223395,50.56221913220414
54.9853713078625,51.13077468651916
56.02025210881016,50.646582376638634
56.49518071097639,51.50259709984308
54.66496132525591,49.563992689304925
55.39652531409732,51.544476588305216
56.56521335497355,50.77573254119156
55.29431643681385,51.317532547029664
56.5614201591796,49.79356352938895
55.902351720870286,51.36191243648085
55.47502587531043,51.114263602504685
55.63663781912225,49.298642922458484
54.000250854704085,49.419357253810354
54.326859775533435,50.01042407352129
54.66429299473138,49.87574016007852
56.483437500453434,50.46406862369365
55.520865749541706,48.85131801466129
56.00734096597884,50.2571751334994
56.010467501514114,49.8365714883734
54.99088274602456,49.67003082465555
55.06149960978143,50.661470559159376
56.771569124097596,50.144637367193276
55.34543355861647,50.30453037669309
54.657990390518066,50.27052471977442
54.83801625141977,50.93111196908673
54.60812825141185,50.86065322881353
54.512163148169904,51.04426714702903
53.87359603696155,50.25867747662011
55.68842519941755,49.169989162671854
56.0280745370716,50.86152590337158
55.27990465125534,49.424320739086866
54.67180193465827,49.66096702143549
55.80393429555007,50.6253051791031
55.55560754000238,49.486523848602324
55.42155700906944,49.35016058991857
55.768466373283744,51.18896207047667
56.44966244619573,51.05399754538821
56.098504211237014,50.89312398253334
55.71382203667523,50.741584651846765
56.4712894456932,50.361012295057655
55.321397016743376,50.707215428999056
56.6299583356689,50.735781734239616
55.87611752846562,51.987334484919906
56.938066465488454,51.15713977276463
55.23902737935031,51.19288000136759
55.84772290674157,50.341250515811595
56.122129969396156,50.55265218598963
55.282030249624015,49.95312918892668
55.57098827073361,51.571951576490044
55.54373010796801,50.457658027875894
55.04414936444925,50.40795119186982
57.32478991096804,49.98441832576424
55.981195791724694,50.381210816269046
57.107280225234994,49.78328629303373
54.913088228980754,51.57100225259625
53.11978978386454,49.06458020942624
54.756156071800824,51.42974492110717
55.51339001347656,49.50095310425531
56.20613021979705,50.57280038052945
56.01777057567988,50.58732541109721
54.98381683368422,50.947678712663475
54.15637454957213,50.80827337526515
53.40357897583883,50.39915892018336
55.98463489426389,50.43083266749034
55.36650106778593,50.625732735922945
56.42563095700278,50.25256840244235
54.37130030829571,49.602881576524545
56.18170131685135,51.111372689949896
55.12169640203929,49.992965110598696
54.57993677417376,51.385530127393764
55.436697669955585,51.68291139461677
54.8328722895198,51.530151042156454
55.420436474874,50.01219194699648
54.4630903414994,49.36962146549839
56.58042454850269,50.837279122209935
55.16119043847798,49.44274789301801
55.29274852529386,50.18680546918997
54.79864956931856,48.94654779993567
53.70933057651623,50.80651745332871
56.68072779721043,51.51273172091818
56.02240088424324,49.410139598806374
54.95091418763309,51.409043883773826
54.36454027973183,50.93882426064295
55.95961421874473,50.528601726821705
55.427813635936346,50.474142343102564
55.18279516824618,51.15028197301979
55.78554825162945,51.474230814764
55.61980219332204,49.25597000763333
55.921065342269124,49.94655105902848
56.26254089391949,50.83599830052097
55.48524265221672,50.75856618041473
56.87020227297055,49.64256737587482
52.76902509097698,50.004273106047016
55.39208608897483,50.55307137898687
56.351999787952224,50.93000468656607
56.130418057344535,49.90187986231205
56.14157345821401,49.43306812871253
55.81566285665405,51.529571634410786
56.51534610618101,49.953210635091466
54.32289535922999,50.43533029894642
54.56564616730918,50.85872765124997
54.87679485499614,49.78711430075531
53.942685387564374,50.80292193743782
55.66808974108786,49.79767141074979
55.14656790809681,50.026005875920156
55.46611706353946,49.682585777567525
56.54998700628897,50.4718427832007
55.75781757009429,51.74420830185554
54.86222755072618,51.86342297823261
55.19372555011617,52.005661978700886
55.65531355034307,50.06860128382561
56.60901120772799,50.05139894292406
55.34943608885837,49.534269650529424
55.51309706771804,48.747615317063506
54.76524240416098,50.30254606353175
55.86834297830412,51.263854780299255
56.324830472480414,50.89774966373781
55.804238214867176,50.93367910308991
55.3922224509719,50.64781196193212
56.63876686488716,50.66027766074264
54.472138071354316,50.414750484884706
54.51379070358619,50.386523497196336
55.92479635853319,51.096279295513895
54.29003434794396,51.82137969888308
55.38371491045954,51.8134061427985
55.4234092245163,49.70064811099406
56.23480960040237,51.02475405778275
54.99199880925872,50.174608044481104
55.38071299119107,50.578309953206514
56.34705598676602,50.19382194845027
54.667021208797664,50.917947479618846
53.45980132622616,49.28955302132216
55.93027976408391,50.44413447876811
54.18328765251729,51.306462662936376
56.493884877130014,52.334966716967436
54.84924019688651,49.40414208073177
55.16908086214433,50.15388661375137
55.45596730515272,50.82433300688012
55.12190961248517,50.62430098700831
55.80690220519206,51.82559052649791
55.91055819947386,50.36945947130076
55.25111892410883,50.469365302609376
55.226796205075715,48.28282600152218
55.99858949907398,49.42420961442391
56.14977711040927,50.84240046980735
54.94042112175579,50.129163464278484
56.13654490009904,50.740202428331315
55.270276736606434,51.524686315705736
54.664191213167165,49.79061140507897
54.98826849669878,50.45377266778002
56.10359270891443,49.68688288307065
55.68207652416506,49.17438597941879
55.322545492581526,50.27098943471444
55.87903668148783,50.797395740708936
55.01810178943304,50.30420386315779
55.72802598644934,49.645539703989485
55.91273857406599,50.28173173103612
56.47402683793002,50.89643049069967
55.791466504431185,49.92211326857525
55.50355684435907,47.94984365929309
54.60788733034349,48.85129958848386
55.13935746255924,50.09403920344914
56.382623173487346,50.23871303147865
53.91433794777249,51.19358536316393
56.109497572280375,49.91221933031285
56.65519271030077,51.27649532620971
55.22074232118887,50.62300609191298
55.857440223991546,50.092746001689335
54.84932716246861,50.49154041155772
54.871036643523205,49.13628597092812
56.072771901387455,49.98319495455969
56.19975078352429,48.57062643960453
54.801303874623756,50.64181308350919
54.57782993673271,51.361480130689024
53.303978206267075,49.67085273859582
55.07789158194824,50.290192858289664
55.598559736831504,49.67232362860002
55.30980327353322,51.592544823317304
56.69327642167222,49.93052934391616
56.70827973204162,49.83062919537646
55.68191836505335,49.95038230847619
55.85813929655009,51.27618144394895
55.197443053754206,50.09446139490719
55.6795619339066,49.4027167967657
54.06534883946324,50.899357923683525
56.12464853431044,52.16481962058841
56.19010773265499,49.16524267924825
56.336559881341906,51.88399358783378
54.77356250442821,50.983534657374996
55.98930177489517,50.60334199160364
56.25594251145983,51.171233975358795
55.70183784274729,50.984138520287736
54.20216051533856,50.81331233008072
56.07083835215671,50.813689906925745
55.99256306191883,50.588643310541045
55.1833305796089,50.74016001904197
55.493449969162285,50.98885792584906
55.33388976657539,50.15781621542332
56.15382785813456,50.44372494423636
56.16872271026648,51.357286944127175
56.198179530703705,49.63290628074482
55.345164705105056,50.11036038994744
55.68628697517792,50.79215405652323
55.65150009256591,50.69343868223125
56.64088002582855,50.24415981556985
55.57359723015151,48.65667824667926
56.13272188796777,50.261591104279695
54.08606294756759,51.462065704191815
56.00667257300608,49.94302836909187
54.8275042622132,51.14914001597359
55.424830129218776,49.924815368297594
55.78977758358366,50.149223627065176
56.131787815473906,52.431345025653
56.146390410242596,50.016339550587425
55.8378931116917,50.062448679667014
55.261549702339806,49.2883256076915
54.95562387595776,49.09990621168473
56.32665419191811,49.10038674140014
55.78685116828776,51.35216047129872
54.76924874310257,50.499746661996966
55.417357836915244,50.84716315422283
55.26435220368749,50.50784668102498
56.061998052931976,50.01915757151698
55.26453019150064,49.47339907889322
55.849196294413716,49.94304826833148
55.05698455732495,49.46933291370157
56.049514086451396,49.99343422925908
55.87883140788631,50.930779654358346
55.00669238792195,50.68271319891487
55.64612292621058,48.814575317147685
55.8769076366902,50.652023873469915
54.743280822649375,50.641605804994484
56.35021298087552,49.27292429062245
55.72918017855021,48.95158935747929
55.86429962160898,51.340732166196425
53.923005449492834,48.95465071119093
55.699385361604584,50.71517939815779
56.39087543259123,50.24190253173343
55.40187627084453,51.74478380026177
56.15098547359978,50.545491593467865
54.07888730833251,51.33575854030958
55.07272935762455,50.20941579385345
55.36559829610195,50.34272451148569
56.70348622277486,49.76795087320434
55.28041124723814,49.995925099845834
54.9086612377435,50.097704158073434
55.130412192606784,50.85317135276893
54.23782582164752,49.02910128339991
53.81537308427881,49.3629238182708
56.12435933960297,49.51786746396226
55.38084364396129,49.652881805300275
54.38624363999677,49.89342460468324
55.27456407595268,50.25315191691109
53.211665011490986,50.93966898049012
55.836413940579504,50.92541149711718
56.32964357336661,51.833917647621405
55.96033595911657,50.09368217432969
56.50220965753033,51.4978445279299
55.727322410879296,50.09240028038944
55.401999182080694,49.03100013478887
56.07516999028015,51.20790135869143
55.8649024198605,49.91606922641015
56.3735156548798,50.67695130419365
55.50142107115951,50.455547885496
55.50292384992934,50.75395967721739
55.840998079186164,50.52942060038183
54.65774421619569,50.07967920309139
55.23169044705053,48.188340696175885
55.96203197891159,49.87781468519539
56.510976351464926,50.36204892431314
54.80152611162136,51.85267122591846
55.515929841794,51.15311991693229
54.00015497782571,50.17348745248215
55.95119202603336,49.955964539306976
56.2913257770185,49.87675193172634
55.766781927584304,50.10966612451325
55.41994020891568,51.19465769929537
54.86125542719817,50.500513264049744
54.97563186250359,50.659366746005446
55.959554094804815,52.09936206349291
54.83384259245747,48.14879695715578
54.387594570316416,50.23586774189054
55.67069625382918,50.99776017186133
55.515598931338246,48.68429684866646
53.16253067015709,50.11427113695796
55.23827685603619,51.95610500284097
55.18134496592635,50.27874167363678
56.05524141555959,50.649060609328885
55.62002686745467,49.19841919265549
54.846404213416925,49.683391065623375
55.86689808772281,51.33728695022029
55.26855457109977,50.72999648384206
55.429656701695535,49.74330748549804
55.63478471058078,50.756093904442665
56.12036814133534,50.67800697068025
55.4910273093504,50.72430612906532
55.419693798230114,50.85026051819125
53.86354577962549,51.23924188829347
55.818957963303596,51.268061582843536
54.32593455861861,51.56999913119033
55.89863309937037,49.34829836044462
56.37252568129558,49.499576488461784
55.30809571652157,50.84433802547337
55.96383681308773,51.8223870445141
55.91414158119547,51.253325416769144
54.7046013590012,50.539591715648
55.71872068698171,50.63771568910411
55.89225332756849,50.960438164907835
56.42422689278412,50.577623742011966
56.11732027930284,49.145120775020786
56.328562234387505,50.26794206677074
55.42783438688474,49.92424754449572
55.99028084520028,51.82120490140489
55.57703231956115,48.8458092474105
55.84888187426942,51.07412127520407
55.5398366351593,51.16192084976345
56.54347210512793,49.8263381910736
55.204367432802805,50.699346094344904
54.249603238192364,51.711059060282714
54.12494228839849,49.69342148314637
55.999681251705255,48.939771633547046
54.96806651072564,50.240680515869236
55.32392165244389,50.23858842939266
55.67878268814502,50.4022083740299
55.27399256339728,50.37718127276853
55.65827365566379,49.4209513085406
55.52883659364985,50.659143609283475
56.11557057988644,49.26465815979933
53.55680951599942,51.82685510796176
56.748109057134094,50.9580397356402
55.71317358766581,49.75333085338
53.77770269846748,49.65714181402855
55.30649934368031,51.59037839743044
55.612710966372134,50.49866326995683
54.90898197550995,50.31987831904913
55.464432010115154,49.118169531710905
55.45152323252354,51.22608488672709
55.66303431027039,50.81884092055895
56.59854876104385,50.70177081315475
54.95566389383929,50.24322988999692
55.65671316093065,49.29100454682909
55.333476007235326,50.01918152122388
56.73867508844958,51.719529126312096
55.28555518487458,48.741419817739136
55.22966535786567,50.42003281400001
55.9716537113605,50.60418898598324
53.725223563564604,49.87383287114508
54.59568034071738,50.70355247426431
56.050479615461796,49.30709147888609
55.86556268386673,50.30858242595675
56.191444334131454,50.94073907570893
54.561458686532866,49.954604740731526
55.17794795232223,50.97457579222409
54.877459365289376,51.94134365978097
56.13837801024159,50.49197844640856
56.02823771722328,50.38493567650557
55.50707019785149,50.80372422420781
53.991053797876994,49.80732982093938
55.313777720849025,49.66917620221269
56.28415432274513,48.87860945436949
52.588685973278224,51.30970163282939
56.069253634658295,50.13729837390595
56.68183369251551,50.33518777432971
55.41074979057344,50.59245200165777
55.853106027132654,51.030728137046765
55.86537948154274,50.29400254202482
55.634337845989585,50.273035879757124
55.51186739625202,50.94002368746804
55.28448697643017,49.35384982033979
54.84322637287418,51.394017360458456
53.90900517378137,49.75277564973842
55.62067190781412,49.640945087471444
56.068112628191265,51.34240765793018
53.56549600037631,49.15143346150279
55.06883867230144,51.85566405434191
55.85726537741107,50.8413221132122
56.064345224632646,50.533736859431116
55.12937819322339,49.56063868121199
56.23599983109251,50.50757798705018
55.60997882010355,50.44827575889166
53.83201846641901,49.56813233498465
55.629938814715885,50.06274213052279
54.96478978866703,49.714036026969495
55.06857909161705,49.95370194065712
54.64801818534737,49.52222124818734
55.20851219855407,52.29465813903497
55.228680360863265,50.86940520244469
55.42265236126733,50.367017803380065
55.72951574768364,51.074875418037884
55.83076937214406,50.07805603565282
54.37085149778689,50.591301198108354
55.976688319547755,49.69668783915061
56.31740922056297,51.25550716782562
55.40760650315896,51.47315155280412
55.04303840637101,50.312292729767506
55.4274269965223,51.1065508237259
54.73489395137161,51.60550765369403
56.022738717372036,49.926445282219746
55.26113930840779,51.005279685010436
54.49196514954192,51.21420193619243
54.41335376913101,49.83774686997728
55.54924047745557,50.61018795464863
56.82454657046562,50.40309784620666
55.647467544324805,49.76579868100546
53.64693994219741,50.47472053842057
55.911023323834165,50.78089606885298
54.38476241094647,49.475503391641986
55.981278388306954,51.168444417769116
55.58766856518587,50.001204502079936
56.10489129491606,50.21612542345542
55.62730150878377,50.2202051840223
55.47745877387069,48.90408388535124
55.26573383656247,49.645331177580644
56.0554744466878,51.29045104526658
56.19534259708311,51.81082737708663
55.940668181462684,50.25700284388638
54.852227749525476,48.91391785211495
54.65476445454352,50.7075332183148
54.20183356931893,51.046041127058494
57.10838655873829,50.46051774464585
55.567952680997394,50.46523988541605
55.54692766734798,51.12951778899773
55.310462356817986,50.59447595260176
56.52144414316655,49.60508557976248
55.71579077356293,50.60614017262019
55.05443716848593,51.06882843817848
54.17883153065057,49.983235409034926
55.60551686416149,51.556472250640134
55.75509834133079,51.23654433520314
54.793901678055455,51.115752129070174
54.053143140893205,49.61161300043203
54.857528468595795,49.98592760151883
55.95657821638826,50.64143280175313
55.98737268520641,49.91093340200465
56.5881572472635,52.05262081526599
56.76763016897287,51.438212365223364
54.67599963755599,49.415432615399894
56.05006016742477,50.4223322055298
53.22045239755887,50.61841679427643
54.67396509433335,51.172420508455566
55.48231583683088,51.21288276567653
55.89071933322522,51.52969780269124
54.57458893434903,50.485282903156936
54.948087768548355,51.49359536797434
55.48681194536899,50.37315660367608
55.186637423374584,50.876739910453246
55.351031628066174,49.92930972686151
55.860608310757634,49.349989176756935
53.93393199308897,50.615988053128206
55.73555442749966,49.77023673978982
54.66503701407968,50.49495671961188
55.84792563722959,50.502347510767436
55.44726994094189,51.13048374692372
55.48473594613791,50.215821567392936
54.997681809775045,50.94061637481537
55.5908383486453,50.29326861868947
53.47890399844639,51.39335941876955
53.94813062893612,50.185020070560356
55.2709268309565,49.38943969254911
55.36006984030225,50.50853215729621
55.15928918346772,50.343554764432355
53.99407345715315,49.726982653567894
55.51946341903983,51.53657668764877
55.111038701008916,50.80881937277999
54.34214656189588,51.56904306757747
56.00237249906411,51.911392049682206
55.26190606159781,50.545305742288846
55.45148766011096,49.89694965649841
55.23355882974379,51.7771118936093
54.53606835241842,50.01686963443442
56.9964428598296,49.659427758281986
56.27635109897438,51.373054455848845
54.69931125024734,50.73183367642262
55.386176101064656,51.81307628387086
54.69617855771252,50.50966460950914
56.84420926478216,50.605106755257566
56.545213199404,50.64348693310459
55.70261800357571,50.239919413266804
56.021472709557365,50.78357823974751
55.84329494611564,50.683584105641174
54.75316104170415,49.11343988390757
56.37905814698423,50.29682567644409
52.75484623537105,51.76041583310347
56.274231573638126,51.546910621923
56.19540114140422,50.66955228676142
54.828854363800346,51.08115453807022
55.591338172555055,49.912672570175246
53.71799691248067,49.94105605191429
55.20793790543306,51.792947716978844
55.3875870208187,51.400996249001444
55.73094170026905,48.72728162235262
51.363082169048546,50.33259215411872
56.151455995208785,50.05178847368991
56.08967043115525,50.554330630542864
55.463096978458324,49.16330168655558
54.38082940702543,51.07076796785744
55.67479618760951,51.2805014169465
56.031878553560745,49.58693955045447
54.140203011608726,49.52610193118861
56.599888305022134,49.97172015985629
56.396757957783926,49.26257516881055
55.09361938987252,50.35135761162378
55.195893476865784,50.050585934518956
53.516771198700745,50.48212433341074
56.45677066025265,49.405770244564785
56.315274055720735,50.64440504216269
56.06871208710307,50.065052132736085
56.184916341214965,50.615895654486096
55.206979183345624,51.52305851791971
55.614786322990334,50.279603484922205
54.5515578765811,52.415272309127175
55.862776340953246,49.69485053228462
56.329343459631986,49.08229420814584
56.03112735850138,49.972625977316845
56.46772516945603,50.95483297005547
55.17807529241306,50.92491302536158
54.760345774240974,49.4024606454835
55.43322619013273,50.801599040576214
55.11705618674466,50.64747590981625
55.27782947978191,49.579376868439425
55.027532545934356,50.82494933249585
56.30766706091917,48.74363983278604
54.36792700803556,51.393446824466345
56.146388540967195,50.89637041849823
56.39110521129175,50.84354795558046
55.92634050672893,50.42739912563513
55.23331177298142,49.04589538110619
56.001313618141495,49.34813594994575
56.0027952044542,49.138297635120104
54.36634227170517,51.137030838184025
56.08058398555415,50.34898539799024
56.07657806440185,50.695508018893754
55.63815257766936,50.07838860599446
55.17930823865522,50.17674938952963
56.47044768227948,50.17463893674631
55.415848312301264,49.96712541520555
55.736335983700094,51.011106457154916
54.121008307282914,50.13021227635835
54.61583943331507,51.47512571246202
55.73518932207881,50.07480580799162
55.22115511191978,49.32147344652575
55.72993583892927,50.23689423813843
55.010102926485985,49.149439226175076
55.846264702431725,50.10803552808759
55.386418944180086,52.045126544896554
55.38173884450912,50.04061988289602
54.44204441277298,50.13793767358077
56.136994067648025,48.89900396281629
55.500965467754995,50.686091523611665
56.19806513301485,51.485181050978674
55.938414391900466,51.672177961382886
56.020300494014734,49.84912148214777
55.1027872622956,51.98616640529987
54.87042619548295,50.45885840693213
54.16319247410891,50.5790993207327
55.769068971822875,49.802076227499285
55.15952715234271,50.6760271983056
52.716473825466544,50.83354320206216
54.6178296554458,50.69618662844915
55.4995461221959,51.013039519229366
54.34807171163776,49.819738260397024
54.53233819032577,50.632323545705425
53.055344092440265,49.99498710038096
56.133888587479454,49.5403356178557
55.45498318777105,51.22580680030478
54.30565208341676,51.66534391763375
55.92076407276829,50.41138476709941
55.74278896885088,51.19769999720341
54.9562460968517,49.24024169109853
54.84706063988258,50.5620865827045
55.295692047391185,49.853497374588436
55.67473814821087,50.146098339266004
55.30178374408323,49.92108882133228
55.0542207534152,50.865319477810935
56.50745335949966,51.67133602291182
54.836482547722326,50.41944250547164
56.04151255457917,49.48326006076
56.109415711215604,49.883887912444585
55.693720950608366,51.15333965589163
55.324167641678905,49.356708461554604
55.346694828202835,50.372522478925596
55.93936063266654,51.417771621975625
54.292758604278134,51.89216715606361
55.44754564886479,50.861679167425265
55.08241897081766,49.454112242416194
55.20555540995625,50.05314759295922
56.02280343096152,50.013228157783416
54.90734525911941,51.05092494984601
55.48263148665431,51.861823948868235
55.50497508517523,51.066177708273656
55.35445979451272,50.36057060193754
55.74409747263418,50.49862650456037
56.27057102039568,49.65481371782715
54.38901921274819,51.02078034072134
56.666443602019996,49.435801753745295
56.04355411143515,50.95555476882799
55.37102075452819,49.74234551763817
55.67327385014348,52.12673450920505
55.4841460896041,49.48573918187783
55.175379764820775,51.2217347542425
56.71755787753044,50.70511175004208
55.5505325095055,50.91607110223024
54.10782024841259,52.136940316864525
54.07228295003803,50.16717492829513
56.10788395587671,49.74296589196513
55.889772588362476,50.777483329639026
55.493722506197905,51.21239277735011
55.875427602143425,51.37930612748511
55.75451202745923,50.54905474866959
55.74409421777482,51.35671808277017
55.19481539403739,50.37601063829857
56.10844332371292,49.75412101546368
55.94361776734548,50.08305506677686
55.84142290850085,50.308722472828094
56.11594202529448,50.21845171697813
53.60146550611241,50.84234113600857
56.07712930177232,49.587247627710205
55.60303209112977,50.59196603719968
54.79826746903306,50.022964540457714
55.062287322099394,50.05153952447596
56.19634022869542,49.99339640674537
56.76050625123443,50.688368171493224
56.51701119774592,49.82558216867451
55.07691440385123,50.05075531895464
55.73848068243451,52.24311264419527
55.87580720304757,50.73417883219707
55.85170161449006,51.07806456195202
55.2472031474351,51.17829648632397
55.591238629765954,49.74792603970621
55.740672650907314,50.79610074338277
55.184128077715634,51.09433566491586
55.41954016964377,51.29578899330031
54.01040896357199,50.83649891945998
55.85950513202973,49.895707621145505
53.6598250770769,50.202217587451244
55.761310528722724,50.31828292493744
55.934616917264705,50.37486470552256
56.018863978057574,51.01725429522647
56.03666452382795,49.238590859815005
55.31092327360355,50.50574519092545
55.71481862082809,49.40129674362922
52.15086862136858,51.04936984952015
56.28137304173987,50.52972679046749
55.66988697941325,49.36244421724801
54.32330486971516,50.13588933654833
56.79786621610239,49.84405150602116
56.27877280964163,49.63553448771707
56.281882669890194,50.75494380565572
55.96643552431734,48.95167003830506
54.86267009298055,50.359438342431034
55.383838200237996,50.75692298429654
55.30451903183758,51.92449158632798
56.000711097506375,50.01311629754906
55.85885900224601,50.780906575652594
56.42900724836733,50.05937700130786
55.7978690709605,50.88740778424552
55.047280932045226,50.882421618540654
56.307067980284934,49.91999379203828
55.24346328915587,49.72925087055308
55.922944222437486,50.5114398865914
56.54783859924451,50.287141304294096
55.78743033617241,51.47466502399141
55.36853727083026,50.74294530926447
54.97816014501391,50.3957979922373
55.23780371444627,50.29619115217466
56.5644238297157,50.71630753822523
55.26165430376577,50.32049006239382
54.77741365401238,50.71534908536812
53.59123420325281,50.7548602675671
54.13680481857225,49.71718576086195
55.906648961890966,50.52541949563978
55.888449738065,50.128612358914346
55.61517380888462,50.46528572383724
56.269759724459284,50.9368517001302
55.61515238871266,50.171874429461276
55.65702998870339,49.94443429404547
55.50547981789188,50.093057353931385
55.91515462039875,50.35609356956721
55.79096720217883,51.8143628051676
55.9801182193195,50.05630573084707
55.55146285070168,51.68250846756029
56.19688085990133,51.5178578920487
55.46858578706368,50.59686319861251
53.799111815059824,50.17958883465969
56.24902384542372,50.3176145187307
55.32358921015353,51.343425143995624
56.81348162888094,51.41933044508906
54.818116224369575,52.0288298412692
55.97131474945829,51.6932421213824
56.559073202769824,52.11887021390528
54.35749865017948,50.95177207759552
56.31941293535451,50.11719763536658
55.294998033321896,50.26275774536414
55.36441068788778,49.8998100758473
55.794679747707185,50.16775190414102
55.50913467226209,50.74960718084102
56.575264207457714,50.46602512977158
54.98793711152667,49.62720558701257
54.64239313077567,50.08665124981513
55.52322920905219,51.27421534107968
53.85686675165028,49.666020287964244
56.17138942362952,52.199702831530175
55.36594212477087,50.869227916818765
55.52668314972727,50.64496266286078
55.896208368233786,50.27482812418595
55.05687771892024,50.67681004569787
55.85370442373689,50.54209605179055
55.90660567636015,50.673980593696356
55.45939178513401,50.0128236728954
56.70404982196214,51.04553371760757
54.62077085617497,51.67519696315576
55.277609426753614,50.355242086316736
56.642215088242104,50.39040780110799
56.38115193189607,50.134914065487436
56.009296538185446,51.094712490698676
53.21959942686346,50.83511772961797
55.77949425384751,50.95889941690643
55.31344092098891,51.75633736592082
55.5860715586246,50.799690500401184
54.26470491015836,49.9435464788853
55.3525446422942,51.1844494928978
55.109768898409605,50.46678641631993
54.3307841889584,49.55936250356473
56.73476994890742,49.334159745107826
55.161000976705054,51.42158365637881
55.714806651638604,50.43161800479428
55.674205275242315,49.994948468801276
55.37874692761709,49.50465071042546
54.032941439871024,51.26923150948197
55.40499917184529,50.437450739406756
54.972947255800094,49.77027898596782
52.2566112294208,51.729240274679
54.24584979348306,50.448423800144475
55.30767396547096,50.83752178896586
55.40195614732054,51.12636663451722
53.888458142931896,50.32786033583467
56.46881400479137,51.72569256503402
54.945945185158685,50.77780380318547
55.89383278361087,49.233713620504346
54.80980543442828,50.98682336783704
55.01084005417534,50.88656064899972
55.76012144330452,49.26747221695885
55.819050191575656,51.41084643675818
56.51979245165353,49.73905282668084
54.55490796086421,49.58556296318917
55.92925003538377,49.80868358256509
55.46702572401368,51.222333468046514
55.8952777590649,50.15805768589075
55.12008907560679,50.72558272675918
55.46863048640843,50.80074739308853
55.650819546577026,49.9990083771354
55.74985070141908,49.948630560723814
55.738972645787086,50.00899428889564
55.02842586043266,50.891657150428955
54.50491206106614,49.4211810336128
54.920996048272414,50.351140673005126
