faminc,cigtax,cigprice,bwght,fatheduc,motheduc,parity,male,white,cigs,lbwght,bwghtlbs,packs,lfaminc
13.5,16.5,122.3,109,12.0,12.0,1,1,1,0,4.691348,6.8125,0.0,2.6026897
7.5,16.5,122.3,133,6.0,12.0,2,1,0,0,4.890349,8.3125,0.0,2.014903
0.5,16.5,122.3,129,,12.0,2,0,0,0,4.8598123,8.0625,0.0,-0.6931472
15.5,16.5,122.3,126,12.0,12.0,2,1,0,0,4.836282,7.875,0.0,2.74084
27.5,16.5,122.3,134,14.0,12.0,2,1,1,0,4.89784,8.375,0.0,3.314186
7.5,16.5,122.3,118,12.0,14.0,6,1,0,0,4.7706847,7.375,0.0,2.014903
65.0,16.5,122.3,140,16.0,14.0,2,0,1,0,4.9416423,8.75,0.0,4.1743875
27.5,16.5,122.3,86,12.0,14.0,2,0,0,0,4.454347,5.375,0.0,3.314186
27.5,16.5,122.3,121,12.0,17.0,2,0,1,0,4.7957907,7.5625,0.0,3.314186
37.5,16.5,122.3,129,16.0,18.0,2,0,1,0,4.8598123,8.0625,0.0,3.624341
27.5,16.5,122.3,101,12.0,16.0,2,1,0,0,4.6151204,6.3125,0.0,3.314186
27.5,16.5,122.3,133,16.0,15.0,1,1,1,0,4.890349,8.3125,0.0,3.314186
6.5,16.5,122.3,61,,12.0,3,1,0,0,4.1108737,3.8125,0.0,1.8718022
10.5,16.5,122.3,104,12.0,12.0,1,1,1,0,4.644391,6.5,0.0,2.3513753
12.5,16.5,122.3,92,7.0,12.0,1,1,0,0,4.5217886,5.75,0.0,2.5257287
17.5,16.5,122.3,122,13.0,13.0,1,1,1,0,4.804021,7.625,0.0,2.862201
42.5,16.5,122.3,159,18.0,16.0,1,1,1,0,5.0689044,9.9375,0.0,3.749504
4.5,16.5,122.3,154,,11.0,1,0,0,0,5.0369525,9.625,0.0,1.5040774
32.5,16.5,122.3,120,16.0,16.0,1,1,0,0,4.787492,7.5,0.0,3.48124
6.5,16.5,122.3,138,,11.0,2,0,0,0,4.9272537,8.625,0.0,1.8718022
47.5,16.5,122.3,127,16.0,17.0,1,0,1,0,4.8441873,7.9375,0.0,3.8607297
22.5,16.5,122.3,107,12.0,12.0,2,1,1,0,4.6728287,6.6875,0.0,3.1135154
15.5,16.5,122.3,129,8.0,11.0,2,1,1,6,4.8598123,8.0625,0.3,2.74084
13.5,16.5,122.3,129,12.0,12.0,1,0,0,0,4.8598123,8.0625,0.0,2.6026897
37.5,16.5,122.3,156,11.0,11.0,1,0,1,0,5.049856,9.75,0.0,3.624341
2.5,16.5,122.3,124,11.0,12.0,2,1,0,0,4.8202815,7.75,0.0,0.91629076
2.5,16.5,122.3,79,,12.0,2,1,0,0,4.3694477,4.9375,0.0,0.91629076
32.5,16.5,122.3,112,12.0,12.0,2,1,1,0,4.7184987,7.0,0.0,3.48124
22.5,16.5,122.3,124,12.0,12.0,1,1,1,0,4.8202815,7.75,0.0,3.1135154
0.5,15.0,125.6,134,,12.0,2,1,0,0,4.89784,8.375,0.0,-0.6931472
65.0,15.0,125.6,114,12.0,12.0,1,0,1,0,4.7361984,7.125,0.0,4.1743875
65.0,15.0,125.6,124,16.0,13.0,1,1,1,0,4.8202815,7.75,0.0,4.1743875
65.0,15.0,125.6,122,16.0,16.0,2,1,1,0,4.804021,7.625,0.0,4.1743875
27.5,15.0,125.6,104,11.0,10.0,2,0,0,0,4.644391,6.5,0.0,3.314186
7.5,15.0,125.6,105,5.0,8.0,3,0,1,0,4.65396,6.5625,0.0,2.014903
47.5,15.0,125.6,113,16.0,16.0,2,1,1,0,4.727388,7.0625,0.0,3.8607297
65.0,15.0,125.6,131,12.0,12.0,2,1,1,0,4.8751974,8.1875,0.0,4.1743875
65.0,15.0,125.6,107,16.0,14.0,1,0,1,0,4.6728287,6.6875,0.0,4.1743875
32.5,15.0,125.6,115,12.0,9.0,1,1,1,0,4.744932,7.1875,0.0,3.48124
13.5,15.0,125.6,97,10.0,13.0,3,0,0,0,4.574711,6.0625,0.0,2.6026897
65.0,15.0,125.6,106,12.0,12.0,1,1,1,0,4.6634393,6.625,0.0,4.1743875
47.5,15.0,125.6,132,15.0,12.0,1,1,1,0,4.882802,8.25,0.0,3.8607297
37.5,15.0,125.6,108,18.0,16.0,1,1,1,0,4.6821313,6.75,0.0,3.624341
32.5,15.0,125.6,114,16.0,14.0,1,1,0,0,4.7361984,7.125,0.0,3.48124
18.5,15.0,125.6,134,14.0,12.0,1,1,1,0,4.89784,8.375,0.0,2.9177706
65.0,15.0,125.6,134,18.0,16.0,1,0,0,0,4.89784,8.375,0.0,4.1743875
65.0,15.0,125.6,141,18.0,16.0,1,1,1,0,4.94876,8.8125,0.0,4.1743875
11.5,15.0,125.6,84,12.0,12.0,1,1,1,0,4.4308167,5.25,0.0,2.442347
32.5,15.0,125.6,88,13.0,13.0,3,1,0,0,4.477337,5.5,0.0,3.48124
65.0,15.0,125.6,130,16.0,18.0,1,1,1,0,4.8675346,8.125,0.0,4.1743875
17.5,15.0,125.6,132,12.0,12.0,2,1,0,0,4.882802,8.25,0.0,2.862201
16.5,15.0,125.6,133,13.0,13.0,1,1,1,0,4.890349,8.3125,0.0,2.8033605
22.5,15.0,125.6,108,12.0,12.0,2,0,1,0,4.6821313,6.75,0.0,3.1135154
42.5,15.0,125.6,92,16.0,14.0,2,0,1,0,4.5217886,5.75,0.0,3.749504
32.5,15.0,125.6,127,12.0,14.0,2,1,1,0,4.8441873,7.9375,0.0,3.48124
11.5,15.0,125.6,131,11.0,9.0,1,1,1,0,4.8751974,8.1875,0.0,2.442347
65.0,15.0,125.6,104,16.0,15.0,1,0,1,0,4.644391,6.5,0.0,4.1743875
27.5,15.0,125.6,122,12.0,12.0,1,0,1,0,4.804021,7.625,0.0,3.314186
27.5,15.0,125.6,97,12.0,12.0,2,1,1,0,4.574711,6.0625,0.0,3.314186
17.5,15.0,125.6,122,14.0,16.0,1,0,0,0,4.804021,7.625,0.0,2.862201
65.0,15.0,125.6,118,16.0,13.0,3,1,1,0,4.7706847,7.375,0.0,4.1743875
3.5,15.0,125.6,140,11.0,12.0,2,1,0,0,4.9416423,8.75,0.0,1.2527629
0.5,15.0,125.6,131,12.0,12.0,2,0,0,0,4.8751974,8.1875,0.0,-0.6931472
0.5,15.0,125.6,104,,12.0,2,0,0,10,4.644391,6.5,0.5,-0.6931472
3.5,15.0,125.6,114,,11.0,3,0,1,0,4.7361984,7.125,0.0,1.2527629
65.0,15.0,125.6,141,12.0,13.0,1,0,1,0,4.94876,8.8125,0.0,4.1743875
22.5,15.0,125.6,107,11.0,12.0,2,0,1,0,4.6728287,6.6875,0.0,3.1135154
22.5,21.0,127.7,152,12.0,10.0,1,1,1,0,5.0238805,9.5,0.0,3.1135154
7.5,21.0,127.7,119,12.0,10.0,2,1,0,20,4.7791233,7.4375,1.0,2.014903
27.5,21.0,127.7,135,12.0,12.0,1,0,1,0,4.905275,8.4375,0.0,3.314186
18.5,21.0,127.7,138,12.0,10.0,1,0,1,0,4.9272537,8.625,0.0,2.9177706
37.5,21.0,127.7,108,16.0,16.0,1,1,1,0,4.6821313,6.75,0.0,3.624341
22.5,21.0,127.7,97,7.0,12.0,1,0,1,0,4.574711,6.0625,0.0,3.1135154
27.5,21.0,127.7,131,13.0,12.0,3,1,1,0,4.8751974,8.1875,0.0,3.314186
18.5,21.0,127.7,115,3.0,12.0,1,0,0,40,4.744932,7.1875,2.0,2.9177706
22.5,21.0,127.7,123,16.0,14.0,3,1,0,0,4.8121843,7.6875,0.0,3.1135154
0.5,21.0,127.7,115,,10.0,5,0,0,0,4.744932,7.1875,0.0,-0.6931472
32.5,21.0,127.7,132,18.0,16.0,1,0,1,0,4.882802,8.25,0.0,3.48124
27.5,21.0,127.7,133,14.0,13.0,1,1,0,0,4.890349,8.3125,0.0,3.314186
32.5,21.0,127.7,125,13.0,12.0,1,0,1,0,4.828314,7.8125,0.0,3.48124
15.5,21.0,127.7,117,12.0,12.0,1,1,1,0,4.762174,7.3125,0.0,2.74084
16.5,21.0,127.7,116,16.0,13.0,1,1,1,0,4.75359,7.25,0.0,2.8033605
19.5,21.0,127.7,152,18.0,18.0,2,1,1,0,5.0238805,9.5,0.0,2.9704144
15.5,21.0,127.7,101,10.0,10.0,1,0,0,0,4.6151204,6.3125,0.0,2.74084
14.5,21.0,127.7,107,17.0,12.0,1,1,1,0,4.6728287,6.6875,0.0,2.6741486
32.5,21.0,127.7,136,16.0,14.0,4,0,1,0,4.912655,8.5,0.0,3.48124
14.5,21.0,127.7,120,7.0,9.0,2,0,1,0,4.787492,7.5,0.0,2.6741486
8.5,21.0,127.7,127,17.0,18.0,1,1,1,0,4.8441873,7.9375,0.0,2.1400661
8.5,21.0,127.7,123,,8.0,3,1,1,0,4.8121843,7.6875,0.0,2.1400661
7.5,21.0,127.7,135,14.0,12.0,3,1,1,0,4.905275,8.4375,0.0,2.014903
32.5,21.0,127.7,86,14.0,15.0,1,1,0,0,4.454347,5.375,0.0,3.48124
65.0,21.0,127.7,97,16.0,16.0,1,1,1,0,4.574711,6.0625,0.0,4.1743875
7.5,21.0,127.7,93,14.0,12.0,1,1,0,10,4.5325994,5.8125,0.5,2.014903
27.5,21.0,127.7,96,18.0,12.0,1,0,0,0,4.564348,6.0,0.0,3.314186
13.5,21.0,127.7,109,8.0,8.0,2,0,1,10,4.691348,6.8125,0.5,2.6026897
27.5,21.0,127.7,117,12.0,11.0,1,1,0,0,4.762174,7.3125,0.0,3.314186
18.5,21.0,127.7,115,9.0,12.0,1,0,1,0,4.744932,7.1875,0.0,2.9177706
22.5,10.0,126.4,121,11.0,12.0,1,1,1,20,4.7957907,7.5625,1.0,3.1135154
65.0,10.0,126.4,114,18.0,17.0,2,0,1,0,4.7361984,7.125,0.0,4.1743875
22.5,10.0,126.4,118,12.0,6.0,1,0,1,0,4.7706847,7.375,0.0,3.1135154
42.5,10.0,126.4,134,16.0,16.0,1,0,1,0,4.89784,8.375,0.0,3.749504
37.5,10.0,126.4,156,18.0,15.0,1,1,1,0,5.049856,9.75,0.0,3.624341
11.5,10.0,126.4,139,12.0,12.0,2,0,1,3,4.934474,8.6875,0.15,2.442347
65.0,10.0,126.4,136,18.0,18.0,2,1,1,0,4.912655,8.5,0.0,4.1743875
7.5,10.0,126.4,115,8.0,11.0,1,1,0,0,4.744932,7.1875,0.0,2.014903
22.5,10.0,126.4,23,12.0,12.0,1,1,0,0,3.1354942,1.4375,0.0,3.1135154
65.0,10.0,126.4,135,13.0,12.0,1,0,1,0,4.905275,8.4375,0.0,4.1743875
27.5,10.0,126.4,106,12.0,13.0,1,1,0,10,4.6634393,6.625,0.5,3.314186
7.5,10.0,126.4,116,,10.0,2,1,0,0,4.75359,7.25,0.0,2.014903
65.0,10.0,126.4,147,13.0,16.0,1,1,1,0,4.9904327,9.1875,0.0,4.1743875
8.5,10.0,126.4,115,,10.0,3,0,1,0,4.744932,7.1875,0.0,2.1400661
12.5,10.0,126.4,85,12.0,12.0,3,0,1,0,4.4426513,5.3125,0.0,2.5257287
37.5,10.0,126.4,102,12.0,17.0,1,1,1,0,4.624973,6.375,0.0,3.624341
14.5,10.0,126.4,122,11.0,12.0,1,0,1,0,4.804021,7.625,0.0,2.6741486
65.0,10.0,126.4,109,17.0,16.0,1,1,0,0,4.691348,6.8125,0.0,4.1743875
37.5,10.0,126.4,97,11.0,11.0,2,0,1,20,4.574711,6.0625,1.0,3.624341
27.5,10.0,126.4,136,13.0,17.0,2,0,1,0,4.912655,8.5,0.0,3.314186
65.0,10.0,126.4,131,18.0,12.0,1,0,1,0,4.8751974,8.1875,0.0,4.1743875
32.5,10.0,126.4,116,14.0,12.0,1,1,1,0,4.75359,7.25,0.0,3.48124
6.5,10.0,126.4,86,,12.0,1,1,1,0,4.454347,5.375,0.0,1.8718022
65.0,10.0,126.4,155,13.0,16.0,2,1,1,0,5.043425,9.6875,0.0,4.1743875
6.5,10.0,126.4,122,,10.0,1,1,1,40,4.804021,7.625,2.0,1.8718022
65.0,10.0,126.4,105,18.0,16.0,1,0,1,0,4.65396,6.5625,0.0,4.1743875
65.0,10.0,126.4,131,16.0,16.0,1,1,1,0,4.8751974,8.1875,0.0,4.1743875
7.5,10.0,126.4,126,,11.0,3,0,0,0,4.836282,7.875,0.0,2.014903
17.5,10.0,126.4,127,8.0,10.0,1,1,1,0,4.8441873,7.9375,0.0,2.862201
27.5,10.0,126.4,125,18.0,18.0,1,1,1,0,4.828314,7.8125,0.0,3.314186
37.5,10.0,126.4,98,17.0,16.0,1,1,0,0,4.5849676,6.125,0.0,3.624341
22.5,10.0,126.4,144,12.0,13.0,4,0,0,0,4.9698133,9.0,0.0,3.1135154
22.5,10.0,126.4,91,12.0,13.0,1,0,0,0,4.5108595,5.6875,0.0,3.1135154
65.0,10.0,126.4,106,13.0,16.0,1,0,1,0,4.6634393,6.625,0.0,4.1743875
42.5,10.0,126.4,128,12.0,12.0,2,1,1,0,4.8520303,8.0,0.0,3.749504
2.5,10.0,126.4,144,11.0,12.0,1,1,1,0,4.9698133,9.0,0.0,0.91629076
10.5,10.0,126.4,91,,10.0,4,0,0,0,4.5108595,5.6875,0.0,2.3513753
42.5,10.0,126.4,122,16.0,12.0,2,1,1,0,4.804021,7.625,0.0,3.749504
14.5,10.0,126.4,139,10.0,12.0,1,0,1,0,4.934474,8.6875,0.0,2.6741486
42.5,10.0,126.4,126,10.0,12.0,1,0,1,0,4.836282,7.875,0.0,3.749504
32.5,10.0,126.4,107,18.0,18.0,1,1,1,0,4.6728287,6.6875,0.0,3.48124
3.5,10.0,126.4,79,,12.0,3,1,1,0,4.3694477,4.9375,0.0,1.2527629
42.5,10.0,126.4,102,15.0,12.0,1,1,1,0,4.624973,6.375,0.0,3.749504
15.5,10.0,126.4,126,12.0,16.0,1,1,1,0,4.836282,7.875,0.0,2.74084
32.5,10.0,126.4,120,12.0,12.0,1,0,0,0,4.787492,7.5,0.0,3.48124
19.5,10.0,126.4,101,12.0,12.0,1,1,0,0,4.6151204,6.3125,0.0,2.9704144
42.5,10.0,126.4,131,12.0,12.0,5,1,1,0,4.8751974,8.1875,0.0,3.749504
65.0,10.0,126.4,128,12.0,14.0,2,0,1,0,4.8520303,8.0,0.0,4.1743875
13.5,10.0,126.4,142,13.0,12.0,1,1,0,0,4.955827,8.875,0.0,2.6026897
27.5,10.0,126.4,144,12.0,12.0,1,1,1,0,4.9698133,9.0,0.0,3.314186
42.5,10.0,126.4,58,16.0,15.0,3,0,1,0,4.060443,3.625,0.0,3.749504
5.5,10.0,126.4,88,,12.0,1,1,0,0,4.477337,5.5,0.0,1.704748
5.5,10.0,126.4,123,,12.0,1,0,0,0,4.8121843,7.6875,0.0,1.704748
65.0,10.0,126.4,146,16.0,13.0,2,0,1,0,4.983607,9.125,0.0,4.1743875
22.5,10.0,126.4,135,9.0,13.0,1,1,0,0,4.905275,8.4375,0.0,3.1135154
18.5,10.0,126.4,125,12.0,12.0,1,0,1,0,4.828314,7.8125,0.0,2.9177706
27.5,10.0,126.4,125,,12.0,1,0,0,0,4.828314,7.8125,0.0,3.314186
65.0,10.0,126.4,99,18.0,16.0,1,1,0,0,4.59512,6.1875,0.0,4.1743875
32.5,10.0,126.4,120,12.0,12.0,1,1,1,4,4.787492,7.5,0.2,3.48124
22.5,10.0,126.4,114,5.0,7.0,2,0,0,0,4.7361984,7.125,0.0,3.1135154
37.5,10.0,126.4,88,12.0,12.0,1,0,1,0,4.477337,5.5,0.0,3.624341
65.0,10.0,126.4,106,18.0,15.0,1,1,1,0,4.6634393,6.625,0.0,4.1743875
1.5,10.0,126.4,123,,13.0,2,0,0,0,4.8121843,7.6875,0.0,0.4054651
27.5,10.0,126.4,135,11.0,13.0,2,1,1,0,4.905275,8.4375,0.0,3.314186
47.5,10.0,126.4,116,16.0,12.0,2,1,1,0,4.75359,7.25,0.0,3.8607297
32.5,10.0,126.4,128,14.0,13.0,3,1,1,0,4.8520303,8.0,0.0,3.48124
65.0,10.0,126.4,111,16.0,15.0,1,0,0,0,4.7095304,6.9375,0.0,4.1743875
8.5,10.0,126.4,123,,14.0,1,0,1,0,4.8121843,7.6875,0.0,2.1400661
65.0,10.0,126.4,115,15.0,17.0,3,1,1,0,4.744932,7.1875,0.0,4.1743875
27.5,10.0,126.4,167,12.0,12.0,2,1,1,0,5.117994,10.4375,0.0,3.314186
37.5,10.0,126.4,82,,12.0,2,0,0,0,4.406719,5.125,0.0,3.624341
37.5,10.0,126.4,121,18.0,16.0,2,1,1,0,4.7957907,7.5625,0.0,3.624341
22.5,10.0,126.4,114,11.0,6.0,1,1,1,0,4.7361984,7.125,0.0,3.1135154
37.5,10.0,126.4,116,13.0,15.0,1,1,1,0,4.75359,7.25,0.0,3.624341
8.5,10.0,126.4,141,,12.0,2,1,1,5,4.94876,8.8125,0.25,2.1400661
42.5,10.0,126.4,141,13.0,12.0,2,1,1,0,4.94876,8.8125,0.0,3.749504
65.0,10.0,126.4,120,16.0,16.0,2,0,1,0,4.787492,7.5,0.0,4.1743875
12.5,10.0,126.4,110,12.0,13.0,1,0,1,0,4.7004805,6.875,0.0,2.5257287
27.5,10.0,126.4,120,13.0,14.0,1,0,1,0,4.787492,7.5,0.0,3.314186
27.5,10.0,126.4,125,14.0,18.0,2,1,1,0,4.828314,7.8125,0.0,3.314186
65.0,10.0,126.4,82,15.0,11.0,2,0,0,0,4.406719,5.125,0.0,4.1743875
22.5,10.0,126.4,141,12.0,12.0,1,0,1,0,4.94876,8.8125,0.0,3.1135154
18.5,10.0,126.4,144,7.0,8.0,2,1,1,0,4.9698133,9.0,0.0,2.9177706
13.5,10.0,126.4,102,12.0,12.0,2,0,1,0,4.624973,6.375,0.0,2.6026897
18.5,10.0,126.4,121,12.0,10.0,1,1,1,0,4.7957907,7.5625,0.0,2.9177706
27.5,10.0,126.4,80,14.0,12.0,1,0,0,0,4.3820267,5.0,0.0,3.314186
22.5,10.0,126.4,106,12.0,12.0,2,0,1,0,4.6634393,6.625,0.0,3.1135154
65.0,10.0,126.4,116,15.0,12.0,1,0,1,0,4.75359,7.25,0.0,4.1743875
32.5,10.0,126.4,116,12.0,12.0,1,0,1,10,4.75359,7.25,0.5,3.48124
22.5,10.0,126.4,123,13.0,13.0,2,1,1,0,4.8121843,7.6875,0.0,3.1135154
37.5,10.0,126.4,132,12.0,15.0,1,0,1,0,4.882802,8.25,0.0,3.624341
47.5,10.0,126.4,118,11.0,10.0,2,1,1,20,4.7706847,7.375,1.0,3.8607297
65.0,10.0,126.4,131,18.0,17.0,2,1,1,0,4.8751974,8.1875,0.0,4.1743875
32.5,10.0,126.4,152,18.0,14.0,1,1,0,0,5.0238805,9.5,0.0,3.48124
10.5,10.0,126.4,120,4.0,12.0,3,1,1,0,4.787492,7.5,0.0,2.3513753
22.5,10.0,126.4,145,12.0,12.0,1,0,1,0,4.9767337,9.0625,0.0,3.1135154
37.5,10.0,126.4,124,14.0,16.0,1,1,0,0,4.8202815,7.75,0.0,3.624341
65.0,10.0,126.4,142,18.0,9.0,1,1,1,0,4.955827,8.875,0.0,4.1743875
65.0,10.0,126.4,117,16.0,18.0,2,0,1,0,4.762174,7.3125,0.0,4.1743875
10.5,10.0,126.4,100,12.0,7.0,1,0,1,0,4.6051702,6.25,0.0,2.3513753
32.5,10.0,126.4,120,16.0,13.0,1,1,1,0,4.787492,7.5,0.0,3.48124
32.5,10.0,126.4,145,16.0,13.0,1,1,1,0,4.9767337,9.0625,0.0,3.48124
65.0,10.0,126.4,123,18.0,16.0,1,1,1,0,4.8121843,7.6875,0.0,4.1743875
47.5,10.0,126.4,166,17.0,14.0,2,1,1,0,5.1119876,10.375,0.0,3.8607297
32.5,10.0,126.4,103,13.0,14.0,2,0,1,8,4.634729,6.4375,0.4,3.48124
6.5,10.0,126.4,133,,10.0,2,1,1,0,4.890349,8.3125,0.0,1.8718022
12.5,10.0,126.4,112,5.0,7.0,2,0,0,0,4.7184987,7.0,0.0,2.5257287
47.5,10.0,126.4,119,14.0,11.0,1,1,1,0,4.7791233,7.4375,0.0,3.8607297
19.5,10.0,126.4,123,12.0,12.0,1,1,1,0,4.8121843,7.6875,0.0,2.9704144
7.5,10.0,126.4,107,7.0,,1,0,1,0,4.6728287,6.6875,0.0,2.014903
8.5,10.0,126.4,145,8.0,9.0,3,1,1,0,4.9767337,9.0625,0.0,2.1400661
19.5,10.0,126.4,133,,14.0,1,0,1,0,4.890349,8.3125,0.0,2.9704144
65.0,10.0,126.4,146,16.0,13.0,4,1,1,0,4.983607,9.125,0.0,4.1743875
32.5,10.0,126.4,134,12.0,14.0,1,0,1,0,4.89784,8.375,0.0,3.48124
65.0,10.0,126.4,140,14.0,14.0,1,1,1,0,4.9416423,8.75,0.0,4.1743875
19.5,10.0,126.4,95,10.0,12.0,3,0,0,0,4.553877,5.9375,0.0,2.9704144
17.5,10.0,126.4,126,13.0,13.0,2,0,0,0,4.836282,7.875,0.0,2.862201
27.5,10.0,126.4,134,12.0,15.0,1,0,1,0,4.89784,8.375,0.0,3.314186
12.5,10.0,126.4,64,6.0,7.0,1,1,1,0,4.158883,4.0,0.0,2.5257287
27.5,10.0,126.4,119,,15.0,1,0,1,4,4.7791233,7.4375,0.2,3.314186
32.5,10.0,126.4,140,13.0,16.0,2,1,1,0,4.9416423,8.75,0.0,3.48124
22.5,10.0,126.4,120,6.0,6.0,3,0,1,0,4.787492,7.5,0.0,3.1135154
18.5,10.0,126.4,103,13.0,14.0,2,0,1,0,4.634729,6.4375,0.0,2.9177706
32.5,10.0,126.4,68,12.0,12.0,2,1,1,20,4.2195077,4.25,1.0,3.48124
42.5,10.0,126.4,97,14.0,12.0,1,0,0,0,4.574711,6.0625,0.0,3.749504
37.5,10.0,126.4,120,12.0,12.0,2,0,1,0,4.787492,7.5,0.0,3.624341
32.5,10.0,126.4,121,15.0,14.0,1,0,1,0,4.7957907,7.5625,0.0,3.48124
9.5,10.0,126.4,130,,8.0,2,1,1,0,4.8675346,8.125,0.0,2.2512918
15.5,10.0,126.4,115,12.0,12.0,1,0,1,10,4.744932,7.1875,0.5,2.74084
65.0,10.0,126.4,112,16.0,18.0,2,1,0,0,4.7184987,7.0,0.0,4.1743875
65.0,10.0,126.4,120,12.0,12.0,1,1,1,0,4.787492,7.5,0.0,4.1743875
22.5,10.0,126.4,103,13.0,13.0,3,0,1,12,4.634729,6.4375,0.6,3.1135154
32.5,10.0,126.4,100,12.0,12.0,1,0,1,0,4.6051702,6.25,0.0,3.48124
65.0,10.0,126.4,117,13.0,16.0,1,0,1,0,4.762174,7.3125,0.0,4.1743875
65.0,10.0,126.4,126,18.0,18.0,1,0,1,0,4.836282,7.875,0.0,4.1743875
5.5,10.0,126.4,142,,13.0,2,1,1,0,4.955827,8.875,0.0,1.704748
22.5,10.0,126.4,120,12.0,13.0,1,1,0,0,4.787492,7.5,0.0,3.1135154
13.5,10.0,126.4,111,3.0,4.0,5,1,0,0,4.7095304,6.9375,0.0,2.6026897
65.0,10.0,126.4,152,12.0,12.0,2,1,1,0,5.0238805,9.5,0.0,4.1743875
65.0,10.0,126.4,124,18.0,17.0,1,0,1,0,4.8202815,7.75,0.0,4.1743875
27.5,10.0,126.4,146,13.0,12.0,2,1,1,0,4.983607,9.125,0.0,3.314186
27.5,10.0,126.4,102,15.0,16.0,1,1,1,0,4.624973,6.375,0.0,3.314186
27.5,10.0,126.4,129,12.0,6.0,2,1,1,0,4.8598123,8.0625,0.0,3.314186
10.5,10.0,126.4,125,12.0,12.0,3,1,1,0,4.828314,7.8125,0.0,2.3513753
9.5,10.0,126.4,126,16.0,14.0,3,0,0,0,4.836282,7.875,0.0,2.2512918
0.5,10.0,126.4,101,,3.0,1,0,1,0,4.6151204,6.3125,0.0,-0.6931472
32.5,10.0,126.4,113,16.0,12.0,2,1,1,0,4.727388,7.0625,0.0,3.48124
19.5,10.0,126.4,136,12.0,12.0,3,0,0,0,4.912655,8.5,0.0,2.9704144
42.5,10.0,126.4,101,5.0,9.0,4,0,1,0,4.6151204,6.3125,0.0,3.749504
65.0,10.0,126.4,106,18.0,18.0,1,1,1,0,4.6634393,6.625,0.0,4.1743875
65.0,10.0,126.4,100,16.0,18.0,2,0,1,0,4.6051702,6.25,0.0,4.1743875
42.5,10.0,126.4,130,15.0,14.0,1,0,1,0,4.8675346,8.125,0.0,3.749504
37.5,10.0,126.4,136,17.0,12.0,3,0,0,0,4.912655,8.5,0.0,3.624341
6.5,10.0,126.4,100,,10.0,2,1,0,0,4.6051702,6.25,0.0,1.8718022
65.0,10.0,126.4,122,16.0,16.0,1,0,1,0,4.804021,7.625,0.0,4.1743875
1.5,10.0,126.4,90,,11.0,1,0,0,0,4.4998097,5.625,0.0,0.4054651
65.0,20.0,130.8,94,13.0,12.0,1,0,1,0,4.543295,5.875,0.0,4.1743875
32.5,20.0,130.8,108,9.0,13.0,1,1,1,0,4.6821313,6.75,0.0,3.48124
65.0,20.0,130.8,107,18.0,18.0,2,1,1,0,4.6728287,6.6875,0.0,4.1743875
17.5,20.0,130.8,119,13.0,12.0,4,1,1,20,4.7791233,7.4375,1.0,2.862201
18.5,20.0,130.8,106,12.0,12.0,1,0,1,0,4.6634393,6.625,0.0,2.9177706
13.5,20.0,130.8,113,12.0,12.0,2,1,1,0,4.727388,7.0625,0.0,2.6026897
10.5,20.0,130.8,132,12.0,12.0,1,1,1,0,4.882802,8.25,0.0,2.3513753
18.5,20.0,130.8,99,13.0,9.0,3,0,0,0,4.59512,6.1875,0.0,2.9177706
13.5,20.0,130.8,110,11.0,11.0,3,0,1,10,4.7004805,6.875,0.5,2.6026897
32.5,20.0,130.8,76,13.0,18.0,1,0,1,10,4.3307333,4.75,0.5,3.48124
15.5,20.0,130.8,123,13.0,12.0,1,1,1,0,4.8121843,7.6875,0.0,2.74084
10.5,20.0,130.8,123,12.0,12.0,1,1,1,0,4.8121843,7.6875,0.0,2.3513753
32.5,20.0,130.8,129,15.0,12.0,1,1,1,0,4.8598123,8.0625,0.0,3.48124
13.5,20.0,130.8,95,,11.0,3,1,0,0,4.553877,5.9375,0.0,2.6026897
16.5,20.0,130.8,118,,13.0,2,1,1,0,4.7706847,7.375,0.0,2.8033605
6.5,20.0,130.8,115,12.0,12.0,3,0,0,20,4.744932,7.1875,1.0,1.8718022
8.5,20.0,130.8,133,,11.0,1,1,1,0,4.890349,8.3125,0.0,2.1400661
22.5,20.0,130.8,139,12.0,13.0,1,1,1,0,4.934474,8.6875,0.0,3.1135154
27.5,20.0,130.8,124,16.0,18.0,2,1,1,0,4.8202815,7.75,0.0,3.314186
12.5,26.0,142.0,60,,10.0,1,1,1,20,4.0943446,3.75,1.0,2.5257287
19.5,26.0,142.0,87,14.0,12.0,1,0,1,0,4.465908,5.4375,0.0,2.9704144
65.0,26.0,142.0,130,18.0,16.0,1,1,1,0,4.8675346,8.125,0.0,4.1743875
65.0,26.0,142.0,110,13.0,16.0,1,1,1,0,4.7004805,6.875,0.0,4.1743875
15.5,26.0,142.0,73,15.0,12.0,1,0,0,0,4.2904596,4.5625,0.0,2.74084
37.5,26.0,142.0,126,14.0,11.0,1,1,1,0,4.836282,7.875,0.0,3.624341
47.5,26.0,142.0,125,12.0,13.0,1,1,1,0,4.828314,7.8125,0.0,3.8607297
47.5,26.0,142.0,166,10.0,13.0,2,0,1,0,5.1119876,10.375,0.0,3.8607297
37.5,26.0,142.0,122,13.0,13.0,1,0,1,0,4.804021,7.625,0.0,3.624341
32.5,26.0,142.0,120,12.0,12.0,2,1,0,4,4.787492,7.5,0.2,3.48124
65.0,26.0,142.0,143,17.0,16.0,2,0,1,0,4.962845,8.9375,0.0,4.1743875
27.5,26.0,142.0,122,14.0,12.0,2,1,1,0,4.804021,7.625,0.0,3.314186
65.0,26.0,142.0,106,18.0,16.0,2,1,1,0,4.6634393,6.625,0.0,4.1743875
65.0,26.0,142.0,126,18.0,18.0,2,0,1,0,4.836282,7.875,0.0,4.1743875
32.5,26.0,142.0,156,16.0,14.0,1,0,1,0,5.049856,9.75,0.0,3.48124
22.5,26.0,142.0,129,,8.0,1,1,1,0,4.8598123,8.0625,0.0,3.1135154
17.5,26.0,142.0,120,8.0,6.0,3,0,0,0,4.787492,7.5,0.0,2.862201
32.5,14.0,124.0,113,12.0,12.0,1,1,1,1,4.727388,7.0625,0.05,3.48124
65.0,14.0,124.0,81,17.0,15.0,2,0,1,0,4.394449,5.0625,0.0,4.1743875
37.5,14.0,124.0,83,16.0,14.0,1,0,1,0,4.4188404,5.1875,0.0,3.624341
37.5,17.0,135.9,129,,12.0,1,0,0,0,4.8598123,8.0625,0.0,3.624341
14.5,17.0,135.9,133,12.0,12.0,2,1,0,0,4.890349,8.3125,0.0,2.6741486
18.5,24.0,139.8,112,16.0,16.0,2,0,1,20,4.7184987,7.0,1.0,2.9177706
65.0,24.0,139.8,119,14.0,13.0,1,1,1,0,4.7791233,7.4375,0.0,4.1743875
47.5,24.0,139.8,139,16.0,12.0,1,0,1,0,4.934474,8.6875,0.0,3.8607297
27.5,24.0,139.8,111,12.0,14.0,1,0,1,0,4.7095304,6.9375,0.0,3.314186
27.5,24.0,139.8,81,13.0,12.0,4,0,1,40,4.394449,5.0625,2.0,3.314186
27.5,24.0,139.8,127,16.0,12.0,2,0,1,0,4.8441873,7.9375,0.0,3.314186
22.5,24.0,139.8,119,10.0,11.0,1,0,1,0,4.7791233,7.4375,0.0,3.1135154
32.5,24.0,139.8,107,15.0,12.0,3,0,0,0,4.6728287,6.6875,0.0,3.48124
3.5,24.0,139.8,98,,10.0,2,0,0,20,4.5849676,6.125,1.0,1.2527629
18.5,24.0,139.8,113,14.0,13.0,1,0,1,10,4.727388,7.0625,0.5,2.9177706
19.5,24.0,139.8,104,16.0,16.0,1,1,0,0,4.644391,6.5,0.0,2.9704144
32.5,24.0,139.8,108,11.0,12.0,2,0,1,0,4.6821313,6.75,0.0,3.48124
22.5,24.0,139.8,144,12.0,12.0,1,1,1,0,4.9698133,9.0,0.0,3.1135154
65.0,24.0,139.8,110,16.0,14.0,3,1,1,0,4.7004805,6.875,0.0,4.1743875
65.0,24.0,139.8,138,16.0,13.0,1,0,1,0,4.9272537,8.625,0.0,4.1743875
14.5,24.0,139.8,107,12.0,10.0,1,0,0,0,4.6728287,6.6875,0.0,2.6741486
65.0,24.0,139.8,128,13.0,13.0,1,0,1,0,4.8520303,8.0,0.0,4.1743875
14.5,24.0,139.8,144,14.0,12.0,1,1,1,10,4.9698133,9.0,0.5,2.6741486
37.5,24.0,139.8,136,16.0,16.0,2,1,0,0,4.912655,8.5,0.0,3.624341
13.5,24.0,139.8,110,,14.0,1,1,1,0,4.7004805,6.875,0.0,2.6026897
4.5,24.0,139.8,105,,10.0,1,1,1,20,4.65396,6.5625,1.0,1.5040774
22.5,24.0,139.8,124,12.0,12.0,3,0,1,0,4.8202815,7.75,0.0,3.1135154
37.5,24.0,139.8,117,17.0,16.0,1,1,1,0,4.762174,7.3125,0.0,3.624341
65.0,24.0,139.8,145,12.0,12.0,1,1,1,0,4.9767337,9.0625,0.0,4.1743875
11.5,24.0,139.8,96,,12.0,5,1,0,0,4.564348,6.0,0.0,2.442347
22.5,24.0,139.8,140,12.0,14.0,1,0,1,0,4.9416423,8.75,0.0,3.1135154
65.0,24.0,139.8,101,14.0,16.0,1,1,1,0,4.6151204,6.3125,0.0,4.1743875
37.5,24.0,139.8,148,16.0,12.0,3,1,1,0,4.9972124,9.25,0.0,3.624341
10.5,24.0,139.8,135,12.0,14.0,3,1,0,0,4.905275,8.4375,0.0,2.3513753
37.5,24.0,139.8,120,16.0,14.0,1,0,1,0,4.787492,7.5,0.0,3.624341
22.5,24.0,139.8,130,12.0,12.0,2,0,1,0,4.8675346,8.125,0.0,3.1135154
15.5,24.0,139.8,134,12.0,12.0,1,1,0,0,4.89784,8.375,0.0,2.74084
65.0,24.0,139.8,128,16.0,15.0,1,1,1,0,4.8520303,8.0,0.0,4.1743875
0.5,24.0,139.8,111,11.0,10.0,1,1,1,15,4.7095304,6.9375,0.75,-0.6931472
32.5,12.0,122.4,128,10.0,12.0,3,0,0,0,4.8520303,8.0,0.0,3.48124
10.5,12.0,122.4,134,10.0,12.0,1,1,1,0,4.89784,8.375,0.0,2.3513753
22.5,12.0,122.4,141,12.0,12.0,2,1,1,0,4.94876,8.8125,0.0,3.1135154
47.5,12.0,122.4,115,14.0,12.0,1,0,1,0,4.744932,7.1875,0.0,3.8607297
27.5,12.0,122.4,98,12.0,12.0,2,1,1,0,4.5849676,6.125,0.0,3.314186
65.0,12.0,122.4,118,17.0,16.0,1,0,1,0,4.7706847,7.375,0.0,4.1743875
47.5,12.0,122.4,130,16.0,18.0,1,0,0,0,4.8675346,8.125,0.0,3.8607297
4.5,12.0,122.4,136,,12.0,2,1,0,0,4.912655,8.5,0.0,1.5040774
8.5,12.0,122.4,129,,12.0,1,1,0,0,4.8598123,8.0625,0.0,2.1400661
47.5,12.0,122.4,93,12.0,17.0,1,1,1,0,4.5325994,5.8125,0.0,3.8607297
12.5,12.0,122.4,91,11.0,11.0,1,1,1,20,4.5108595,5.6875,1.0,2.5257287
65.0,12.0,122.4,110,12.0,14.0,2,0,1,0,4.7004805,6.875,0.0,4.1743875
9.5,12.0,122.4,112,,10.0,1,0,1,0,4.7184987,7.0,0.0,2.2512918
37.5,12.0,122.4,112,14.0,12.0,3,1,1,20,4.7184987,7.0,1.0,3.624341
27.5,12.0,122.4,98,12.0,12.0,2,0,1,12,4.5849676,6.125,0.6,3.314186
65.0,12.0,122.4,147,14.0,14.0,2,0,1,0,4.9904327,9.1875,0.0,4.1743875
7.5,12.0,122.4,92,11.0,9.0,4,0,0,8,4.5217886,5.75,0.4,2.014903
65.0,33.0,149.1,98,14.0,12.0,1,0,0,0,4.5849676,6.125,0.0,4.1743875
47.5,33.0,149.1,98,12.0,13.0,2,0,0,0,4.5849676,6.125,0.0,3.8607297
65.0,18.0,133.6,137,16.0,16.0,1,0,1,0,4.919981,8.5625,0.0,4.1743875
42.5,18.0,133.6,113,15.0,16.0,1,1,1,0,4.727388,7.0625,0.0,3.749504
27.5,18.0,133.6,137,11.0,12.0,1,1,1,0,4.919981,8.5625,0.0,3.314186
37.5,18.0,133.6,71,12.0,12.0,2,0,1,15,4.26268,4.4375,0.75,3.624341
47.5,18.0,133.6,129,16.0,16.0,1,0,1,0,4.8598123,8.0625,0.0,3.8607297
2.5,18.0,133.6,149,,9.0,3,0,0,10,5.0039463,9.3125,0.5,0.91629076
7.5,18.0,133.6,124,,12.0,1,0,1,0,4.8202815,7.75,0.0,2.014903
6.5,18.0,133.6,138,,12.0,1,0,1,0,4.9272537,8.625,0.0,1.8718022
37.5,18.0,133.6,128,13.0,12.0,1,1,1,0,4.8520303,8.0,0.0,3.624341
32.5,18.0,133.6,122,12.0,12.0,1,0,1,10,4.804021,7.625,0.5,3.48124
47.5,20.0,132.7,118,4.0,5.0,2,0,1,0,4.7706847,7.375,0.0,3.8607297
42.5,20.0,132.7,128,12.0,12.0,2,0,1,0,4.8520303,8.0,0.0,3.749504
9.5,20.0,132.7,142,,8.0,3,0,0,20,4.955827,8.875,1.0,2.2512918
47.5,20.0,132.7,127,18.0,17.0,1,1,1,0,4.8441873,7.9375,0.0,3.8607297
65.0,20.0,132.7,112,18.0,18.0,2,1,1,0,4.7184987,7.0,0.0,4.1743875
22.5,20.0,132.7,113,14.0,14.0,1,1,0,0,4.727388,7.0625,0.0,3.1135154
42.5,20.0,132.7,112,14.0,14.0,1,0,1,0,4.7184987,7.0,0.0,3.749504
37.5,20.0,132.7,82,14.0,14.0,2,0,1,0,4.406719,5.125,0.0,3.624341
19.5,20.0,132.7,141,12.0,12.0,1,0,1,0,4.94876,8.8125,0.0,2.9704144
42.5,20.0,132.7,107,16.0,15.0,3,1,1,0,4.6728287,6.6875,0.0,3.749504
14.5,20.0,132.7,117,12.0,12.0,1,0,1,0,4.762174,7.3125,0.0,2.6741486
37.5,20.0,132.7,127,16.0,16.0,1,1,1,0,4.8441873,7.9375,0.0,3.624341
7.5,20.0,132.7,133,18.0,13.0,1,1,0,0,4.890349,8.3125,0.0,2.014903
37.5,20.0,132.7,118,18.0,18.0,1,1,0,0,4.7706847,7.375,0.0,3.624341
32.5,20.0,132.7,144,14.0,12.0,1,0,1,0,4.9698133,9.0,0.0,3.48124
9.5,20.0,132.7,109,11.0,11.0,1,0,1,0,4.691348,6.8125,0.0,2.2512918
65.0,20.0,132.7,79,14.0,13.0,3,1,1,0,4.3694477,4.9375,0.0,4.1743875
32.5,20.0,132.7,124,16.0,13.0,1,1,1,0,4.8202815,7.75,0.0,3.48124
5.5,20.0,132.7,130,12.0,9.0,1,0,1,10,4.8675346,8.125,0.5,1.704748
42.5,20.0,132.7,271,14.0,14.0,1,0,1,0,5.602119,16.9375,0.0,3.749504
22.5,20.0,132.7,160,12.0,13.0,2,1,0,0,5.075174,10.0,0.0,3.1135154
42.5,20.0,132.7,127,14.0,17.0,1,1,1,0,4.8441873,7.9375,0.0,3.749504
7.5,20.0,132.7,108,11.0,11.0,1,1,0,0,4.6821313,6.75,0.0,2.014903
13.5,20.0,132.7,90,,16.0,1,0,0,0,4.4998097,5.625,0.0,2.6026897
27.5,20.0,132.7,140,11.0,12.0,2,1,1,0,4.9416423,8.75,0.0,3.314186
42.5,20.0,132.7,126,17.0,13.0,1,0,1,0,4.836282,7.875,0.0,3.749504
32.5,20.0,132.7,110,12.0,12.0,2,1,1,0,4.7004805,6.875,0.0,3.48124
32.5,20.0,132.7,127,17.0,12.0,1,1,1,0,4.8441873,7.9375,0.0,3.48124
5.5,20.0,132.7,101,,12.0,2,1,0,0,4.6151204,6.3125,0.0,1.704748
47.5,20.0,132.7,92,18.0,16.0,3,0,1,0,4.5217886,5.75,0.0,3.8607297
47.5,20.0,132.7,121,8.0,13.0,1,1,1,0,4.7957907,7.5625,0.0,3.8607297
42.5,20.0,132.7,102,18.0,16.0,1,1,1,0,4.624973,6.375,0.0,3.749504
37.5,20.0,132.7,125,8.0,10.0,1,1,1,0,4.828314,7.8125,0.0,3.624341
32.5,20.0,132.7,141,14.0,15.0,1,1,1,0,4.94876,8.8125,0.0,3.48124
65.0,20.0,132.7,121,11.0,12.0,1,0,1,0,4.7957907,7.5625,0.0,4.1743875
47.5,20.0,132.7,127,16.0,16.0,1,1,1,0,4.8441873,7.9375,0.0,3.8607297
42.5,20.0,132.7,119,13.0,14.0,1,1,1,0,4.7791233,7.4375,0.0,3.749504
27.5,20.0,132.7,106,12.0,12.0,1,0,1,0,4.6634393,6.625,0.0,3.314186
17.5,20.0,132.7,105,12.0,12.0,1,0,0,0,4.65396,6.5625,0.0,2.862201
18.5,20.0,132.7,104,6.0,11.0,1,0,0,0,4.644391,6.5,0.0,2.9177706
42.5,20.0,132.7,131,17.0,15.0,1,1,1,0,4.8751974,8.1875,0.0,3.749504
37.5,20.0,132.7,96,10.0,12.0,1,1,1,0,4.564348,6.0,0.0,3.624341
42.5,20.0,132.7,141,16.0,14.0,1,0,1,0,4.94876,8.8125,0.0,3.749504
32.5,20.0,132.7,93,9.0,11.0,1,0,1,0,4.5325994,5.8125,0.0,3.48124
2.5,20.0,132.7,114,,12.0,1,0,0,0,4.7361984,7.125,0.0,0.91629076
18.5,20.0,132.7,112,12.0,12.0,1,1,1,0,4.7184987,7.0,0.0,2.9177706
4.5,20.0,132.7,138,10.0,12.0,2,1,1,0,4.9272537,8.625,0.0,1.5040774
22.5,20.0,132.7,136,14.0,14.0,2,1,1,0,4.912655,8.5,0.0,3.1135154
4.5,20.0,132.7,113,,12.0,3,0,1,20,4.727388,7.0625,1.0,1.5040774
27.5,20.0,132.7,105,16.0,12.0,1,1,1,0,4.65396,6.5625,0.0,3.314186
19.5,20.0,132.7,120,12.0,12.0,2,1,1,0,4.787492,7.5,0.0,2.9704144
27.5,15.5,119.0,35,16.0,16.0,1,0,1,0,3.5553482,2.1875,0.0,3.314186
19.5,15.5,119.0,149,12.0,12.0,3,0,1,0,5.0039463,9.3125,0.0,2.9704144
18.5,15.5,119.0,122,15.0,13.0,1,1,1,0,4.804021,7.625,0.0,2.9177706
22.5,15.5,119.0,146,13.0,15.0,1,1,1,0,4.983607,9.125,0.0,3.1135154
22.5,15.5,119.0,161,12.0,12.0,1,1,1,0,5.081404,10.0625,0.0,3.1135154
1.5,15.5,119.0,142,,12.0,3,1,1,20,4.955827,8.875,1.0,0.4054651
4.5,15.5,119.0,119,12.0,12.0,2,1,1,0,4.7791233,7.4375,0.0,1.5040774
3.5,15.5,119.0,83,,12.0,2,0,0,4,4.4188404,5.1875,0.2,1.2527629
3.5,15.5,119.0,136,,14.0,1,1,0,0,4.912655,8.5,0.0,1.2527629
42.5,15.5,119.0,116,12.0,13.0,1,0,1,0,4.75359,7.25,0.0,3.749504
37.5,15.5,119.0,93,12.0,12.0,1,0,1,0,4.5325994,5.8125,0.0,3.624341
22.5,15.5,119.0,110,12.0,12.0,1,0,1,0,4.7004805,6.875,0.0,3.1135154
37.5,15.5,119.0,124,16.0,17.0,2,0,1,0,4.8202815,7.75,0.0,3.624341
15.5,15.5,119.0,123,9.0,12.0,2,1,0,0,4.8121843,7.6875,0.0,2.74084
27.5,15.5,119.0,129,12.0,12.0,2,0,1,0,4.8598123,8.0625,0.0,3.314186
32.5,15.5,119.0,106,12.0,12.0,1,0,1,0,4.6634393,6.625,0.0,3.48124
22.5,15.5,119.0,130,12.0,12.0,1,1,1,0,4.8675346,8.125,0.0,3.1135154
27.5,15.5,119.0,111,12.0,12.0,1,1,1,0,4.7095304,6.9375,0.0,3.314186
27.5,15.5,119.0,115,12.0,12.0,3,1,1,0,4.744932,7.1875,0.0,3.314186
4.5,15.5,119.0,110,,12.0,1,1,0,0,4.7004805,6.875,0.0,1.5040774
27.5,15.5,119.0,117,18.0,16.0,2,0,1,0,4.762174,7.3125,0.0,3.314186
22.5,34.0,145.1,113,12.0,14.0,1,0,1,0,4.727388,7.0625,0.0,3.1135154
27.5,34.0,145.1,114,14.0,13.0,1,1,1,0,4.7361984,7.125,0.0,3.314186
19.5,34.0,145.1,146,14.0,13.0,1,1,1,0,4.983607,9.125,0.0,2.9704144
4.5,34.0,145.1,98,,12.0,2,1,1,20,4.5849676,6.125,1.0,1.5040774
11.5,34.0,145.1,143,10.0,10.0,3,1,1,10,4.962845,8.9375,0.5,2.442347
27.5,34.0,145.1,116,18.0,17.0,1,1,1,0,4.75359,7.25,0.0,3.314186
37.5,34.0,145.1,116,13.0,14.0,1,1,1,30,4.75359,7.25,1.5,3.624341
6.5,34.0,145.1,75,16.0,13.0,2,0,1,0,4.317488,4.6875,0.0,1.8718022
32.5,34.0,145.1,139,13.0,13.0,1,0,1,0,4.934474,8.6875,0.0,3.48124
18.5,34.0,145.1,120,14.0,14.0,1,1,1,0,4.787492,7.5,0.0,2.9177706
32.5,34.0,145.1,146,15.0,16.0,1,0,1,0,4.983607,9.125,0.0,3.48124
42.5,34.0,145.1,145,12.0,12.0,1,0,1,0,4.9767337,9.0625,0.0,3.749504
22.5,34.0,145.1,136,12.0,13.0,3,1,1,0,4.912655,8.5,0.0,3.1135154
16.5,34.0,145.1,120,12.0,12.0,1,0,1,0,4.787492,7.5,0.0,2.8033605
42.5,24.0,136.5,106,16.0,16.0,1,1,1,0,4.6634393,6.625,0.0,3.749504
37.5,24.0,136.5,109,16.0,16.0,1,0,1,15,4.691348,6.8125,0.75,3.624341
13.5,24.0,136.5,97,11.0,12.0,5,0,1,0,4.574711,6.0625,0.0,2.6026897
22.5,24.0,136.5,30,12.0,12.0,1,0,0,0,3.4011974,1.875,0.0,3.1135154
22.5,24.0,136.5,122,12.0,10.0,3,1,1,0,4.804021,7.625,0.0,3.1135154
37.5,24.0,136.5,130,16.0,12.0,1,1,1,0,4.8675346,8.125,0.0,3.624341
27.5,24.0,136.5,115,12.0,14.0,1,0,1,0,4.744932,7.1875,0.0,3.314186
16.5,24.0,136.5,116,13.0,12.0,1,1,1,0,4.75359,7.25,0.0,2.8033605
47.5,24.0,136.5,134,12.0,12.0,1,0,1,0,4.89784,8.375,0.0,3.8607297
22.5,24.0,136.5,127,12.0,10.0,1,0,1,0,4.8441873,7.9375,0.0,3.1135154
22.5,24.0,136.5,101,13.0,12.0,1,0,1,0,4.6151204,6.3125,0.0,3.1135154
47.5,24.0,136.5,145,12.0,12.0,3,0,1,0,4.9767337,9.0625,0.0,3.8607297
22.5,24.0,136.5,128,11.0,14.0,1,0,0,0,4.8520303,8.0,0.0,3.1135154
14.5,24.0,136.5,130,14.0,17.0,2,1,1,0,4.8675346,8.125,0.0,2.6741486
16.5,24.0,136.5,138,,14.0,2,1,1,0,4.9272537,8.625,0.0,2.8033605
14.5,24.0,136.5,133,14.0,16.0,3,1,1,0,4.890349,8.3125,0.0,2.6741486
18.5,3.0,103.8,106,12.0,13.0,1,0,1,0,4.6634393,6.625,0.0,2.9177706
3.5,3.0,103.8,135,10.0,8.0,2,1,1,0,4.905275,8.4375,0.0,1.2527629
27.5,3.0,103.8,104,12.0,11.0,3,0,1,15,4.644391,6.5,0.75,3.314186
22.5,3.0,103.8,107,12.0,12.0,3,1,0,0,4.6728287,6.6875,0.0,3.1135154
17.5,3.0,103.8,98,11.0,12.0,3,0,1,0,4.5849676,6.125,0.0,2.862201
18.5,3.0,103.8,123,12.0,10.0,2,0,1,0,4.8121843,7.6875,0.0,2.9177706
0.5,3.0,103.8,96,17.0,16.0,2,0,0,0,4.564348,6.0,0.0,-0.6931472
17.5,3.0,103.8,119,16.0,14.0,1,0,1,0,4.7791233,7.4375,0.0,2.862201
18.5,3.0,103.8,134,12.0,12.0,3,1,1,0,4.89784,8.375,0.0,2.9177706
0.5,3.0,103.8,83,,12.0,1,0,1,0,4.4188404,5.1875,0.0,-0.6931472
37.5,3.0,103.8,161,16.0,13.0,1,1,1,0,5.081404,10.0625,0.0,3.624341
7.5,3.0,103.8,109,9.0,14.0,2,1,1,5,4.691348,6.8125,0.25,2.014903
18.5,3.0,103.8,113,12.0,12.0,1,1,1,0,4.727388,7.0625,0.0,2.9177706
4.5,3.0,103.8,98,10.0,12.0,1,0,1,0,4.5849676,6.125,0.0,1.5040774
27.5,3.0,103.8,138,10.0,16.0,1,1,1,0,4.9272537,8.625,0.0,3.314186
6.5,3.0,103.8,120,12.0,12.0,1,1,1,0,4.787492,7.5,0.0,1.8718022
27.5,3.0,103.8,112,12.0,13.0,1,0,1,0,4.7184987,7.0,0.0,3.314186
11.5,3.0,103.8,104,8.0,12.0,1,1,0,0,4.644391,6.5,0.0,2.442347
42.5,16.0,130.7,103,14.0,12.0,1,1,1,0,4.634729,6.4375,0.0,3.749504
22.5,16.0,130.7,156,14.0,13.0,1,0,1,0,5.049856,9.75,0.0,3.1135154
19.5,16.0,130.7,119,10.0,12.0,1,0,1,0,4.7791233,7.4375,0.0,2.9704144
65.0,16.0,130.7,134,14.0,12.0,1,0,1,0,4.89784,8.375,0.0,4.1743875
37.5,16.0,130.7,149,,12.0,2,1,1,0,5.0039463,9.3125,0.0,3.624341
42.5,16.0,130.7,106,16.0,12.0,2,0,1,0,4.6634393,6.625,0.0,3.749504
42.5,16.0,130.7,112,12.0,12.0,3,0,0,0,4.7184987,7.0,0.0,3.749504
37.5,16.0,130.7,139,12.0,12.0,2,0,1,0,4.934474,8.6875,0.0,3.624341
47.5,16.0,130.7,137,18.0,16.0,1,1,1,0,4.919981,8.5625,0.0,3.8607297
14.5,16.0,130.7,90,12.0,14.0,2,0,0,20,4.4998097,5.625,1.0,2.6741486
32.5,16.0,130.7,137,16.0,14.0,2,0,1,0,4.919981,8.5625,0.0,3.48124
15.5,16.0,130.7,140,10.0,12.0,2,1,1,20,4.9416423,8.75,1.0,2.74084
32.5,16.0,130.7,126,14.0,12.0,2,1,1,0,4.836282,7.875,0.0,3.48124
18.5,16.0,130.7,112,12.0,12.0,1,1,0,0,4.7184987,7.0,0.0,2.9177706
2.5,16.0,130.7,60,,9.0,3,1,0,0,4.0943446,3.75,0.0,0.91629076
5.5,16.0,130.7,109,,12.0,1,1,0,0,4.691348,6.8125,0.0,1.704748
47.5,16.0,130.7,129,18.0,12.0,4,0,1,0,4.8598123,8.0625,0.0,3.8607297
3.5,16.0,130.7,104,,11.0,4,1,0,5,4.644391,6.5,0.25,1.2527629
42.5,16.0,130.7,71,12.0,12.0,2,0,1,0,4.26268,4.4375,0.0,3.749504
6.5,16.0,130.7,86,6.0,10.0,2,0,0,0,4.454347,5.375,0.0,1.8718022
32.5,16.0,130.7,124,12.0,12.0,2,0,1,0,4.8202815,7.75,0.0,3.48124
47.5,16.0,130.7,112,17.0,16.0,2,0,1,0,4.7184987,7.0,0.0,3.8607297
3.5,16.0,130.7,79,8.0,10.0,3,1,1,0,4.3694477,4.9375,0.0,1.2527629
27.5,16.0,130.7,95,14.0,16.0,1,0,1,0,4.553877,5.9375,0.0,3.314186
22.5,16.0,130.7,100,12.0,12.0,1,0,1,0,4.6051702,6.25,0.0,3.1135154
27.5,16.0,130.7,100,8.0,17.0,1,1,0,0,4.6051702,6.25,0.0,3.314186
18.5,16.0,130.7,105,14.0,12.0,1,1,1,0,4.65396,6.5625,0.0,2.9177706
12.5,16.0,130.7,107,,12.0,2,1,0,20,4.6728287,6.6875,1.0,2.5257287
0.5,16.0,130.7,141,,11.0,1,1,0,0,4.94876,8.8125,0.0,-0.6931472
1.5,16.0,130.7,142,,14.0,1,1,0,0,4.955827,8.875,0.0,0.4054651
37.5,16.0,130.7,99,14.0,12.0,2,0,1,5,4.59512,6.1875,0.25,3.624341
18.5,16.0,130.7,112,12.0,14.0,1,1,0,5,4.7184987,7.0,0.25,2.9177706
22.5,16.0,130.7,107,12.0,12.0,2,0,0,0,4.6728287,6.6875,0.0,3.1135154
47.5,16.0,130.7,147,13.0,15.0,1,1,1,0,4.9904327,9.1875,0.0,3.8607297
65.0,16.0,130.7,94,14.0,16.0,1,0,1,0,4.543295,5.875,0.0,4.1743875
65.0,16.0,130.7,148,12.0,16.0,1,0,1,0,4.9972124,9.25,0.0,4.1743875
11.5,16.0,130.7,91,8.0,10.0,1,1,1,30,4.5108595,5.6875,1.5,2.442347
32.5,16.0,130.7,131,12.0,16.0,3,1,1,0,4.8751974,8.1875,0.0,3.48124
22.5,16.0,130.7,102,8.0,6.0,1,0,1,0,4.624973,6.375,0.0,3.1135154
32.5,28.0,144.4,161,16.0,12.0,2,0,1,0,5.081404,10.0625,0.0,3.48124
65.0,28.0,144.4,120,15.0,13.0,2,1,1,0,4.787492,7.5,0.0,4.1743875
27.5,28.0,144.4,105,12.0,14.0,1,1,1,0,4.65396,6.5625,0.0,3.314186
18.5,28.0,144.4,112,12.0,12.0,1,1,1,0,4.7184987,7.0,0.0,2.9177706
37.5,13.0,120.2,130,16.0,16.0,2,1,1,0,4.8675346,8.125,0.0,3.624341
32.5,13.0,120.2,136,12.0,12.0,1,1,1,0,4.912655,8.5,0.0,3.48124
19.5,13.0,120.2,110,12.0,12.0,1,0,1,0,4.7004805,6.875,0.0,2.9704144
22.5,13.0,120.2,124,13.0,13.0,1,1,1,0,4.8202815,7.75,0.0,3.1135154
27.5,13.0,120.2,124,12.0,10.0,3,1,0,0,4.8202815,7.75,0.0,3.314186
22.5,13.0,120.2,134,13.0,12.0,2,0,1,0,4.89784,8.375,0.0,3.1135154
47.5,13.0,120.2,136,12.0,12.0,1,1,1,0,4.912655,8.5,0.0,3.8607297
22.5,13.0,120.2,120,12.0,14.0,1,1,0,0,4.787492,7.5,0.0,3.1135154
18.5,13.0,120.2,108,,12.0,3,1,0,0,4.6821313,6.75,0.0,2.9177706
17.5,13.0,120.2,122,12.0,12.0,1,0,1,0,4.804021,7.625,0.0,2.862201
18.5,13.0,120.2,137,,15.0,1,0,1,0,4.919981,8.5625,0.0,2.9177706
65.0,13.0,120.2,119,12.0,13.0,1,0,1,10,4.7791233,7.4375,0.5,4.1743875
32.5,13.0,120.2,144,13.0,18.0,3,1,1,0,4.9698133,9.0,0.0,3.48124
47.5,13.0,120.2,128,18.0,18.0,3,0,1,0,4.8520303,8.0,0.0,3.8607297
13.5,13.0,120.2,104,12.0,10.0,1,0,1,0,4.644391,6.5,0.0,2.6026897
32.5,13.0,120.2,118,13.0,16.0,1,0,1,0,4.7706847,7.375,0.0,3.48124
65.0,13.0,120.2,93,14.0,18.0,2,1,1,0,4.5325994,5.8125,0.0,4.1743875
42.5,13.0,120.2,138,12.0,13.0,1,0,1,6,4.9272537,8.625,0.3,3.749504
32.5,13.0,120.2,135,13.0,13.0,2,1,1,0,4.905275,8.4375,0.0,3.48124
42.5,13.0,120.2,128,14.0,16.0,1,1,0,0,4.8520303,8.0,0.0,3.749504
37.5,13.0,120.2,118,16.0,18.0,1,0,1,0,4.7706847,7.375,0.0,3.624341
9.5,13.0,120.2,114,12.0,12.0,1,0,0,0,4.7361984,7.125,0.0,2.2512918
37.5,13.0,120.2,120,16.0,14.0,2,0,1,0,4.787492,7.5,0.0,3.624341
65.0,13.0,120.2,113,18.0,18.0,1,0,1,0,4.727388,7.0625,0.0,4.1743875
42.5,13.0,120.2,110,12.0,12.0,1,0,1,0,4.7004805,6.875,0.0,3.749504
37.5,13.0,120.2,106,12.0,15.0,1,1,1,0,4.6634393,6.625,0.0,3.624341
9.5,26.0,148.6,125,,12.0,1,1,1,20,4.828314,7.8125,1.0,2.2512918
19.5,26.0,148.6,107,14.0,14.0,1,1,1,0,4.6728287,6.6875,0.0,2.9704144
19.5,26.0,148.6,130,12.0,12.0,1,0,1,0,4.8675346,8.125,0.0,2.9704144
47.5,26.0,148.6,116,18.0,17.0,1,1,1,0,4.75359,7.25,0.0,3.8607297
42.5,26.0,148.6,102,12.0,12.0,4,0,1,5,4.624973,6.375,0.25,3.749504
27.5,26.0,148.6,112,12.0,11.0,1,1,1,0,4.7184987,7.0,0.0,3.314186
65.0,26.0,148.6,124,12.0,12.0,2,0,1,20,4.8202815,7.75,1.0,4.1743875
32.5,26.0,148.6,118,14.0,12.0,2,0,1,0,4.7706847,7.375,0.0,3.48124
47.5,26.0,148.6,125,16.0,14.0,2,1,1,0,4.828314,7.8125,0.0,3.8607297
65.0,26.0,148.6,103,14.0,18.0,1,0,1,0,4.634729,6.4375,0.0,4.1743875
6.5,26.0,148.6,115,,12.0,2,1,1,0,4.744932,7.1875,0.0,1.8718022
42.5,26.0,148.6,136,13.0,14.0,2,0,1,0,4.912655,8.5,0.0,3.749504
19.5,26.0,148.6,120,10.0,11.0,1,1,1,10,4.787492,7.5,0.5,2.9704144
65.0,26.0,148.6,139,12.0,12.0,1,1,1,2,4.934474,8.6875,0.1,4.1743875
27.5,26.0,148.6,137,12.0,14.0,2,0,1,0,4.919981,8.5625,0.0,3.314186
37.5,26.0,148.6,120,15.0,16.0,1,0,1,5,4.787492,7.5,0.25,3.624341
27.5,26.0,148.6,113,15.0,15.0,1,1,1,0,4.727388,7.0625,0.0,3.314186
22.5,26.0,148.6,102,12.0,12.0,1,1,1,0,4.624973,6.375,0.0,3.1135154
27.5,26.0,148.6,132,12.0,12.0,3,0,1,0,4.882802,8.25,0.0,3.314186
37.5,26.0,148.6,141,12.0,12.0,1,1,1,1,4.94876,8.8125,0.05,3.624341
22.5,26.0,148.6,119,16.0,12.0,2,0,1,0,4.7791233,7.4375,0.0,3.1135154
27.5,26.0,148.6,103,13.0,12.0,2,0,1,20,4.634729,6.4375,1.0,3.314186
32.5,26.0,148.6,117,12.0,13.0,1,1,1,0,4.762174,7.3125,0.0,3.48124
32.5,26.0,148.6,113,12.0,12.0,1,1,1,0,4.727388,7.0625,0.0,3.48124
37.5,26.0,148.6,136,12.0,12.0,1,0,1,0,4.912655,8.5,0.0,3.624341
37.5,26.0,148.6,128,12.0,12.0,1,0,1,0,4.8520303,8.0,0.0,3.624341
19.5,26.0,148.6,110,16.0,15.0,1,1,1,0,4.7004805,6.875,0.0,2.9704144
65.0,26.0,148.6,110,18.0,18.0,1,1,1,0,4.7004805,6.875,0.0,4.1743875
65.0,26.0,148.6,123,14.0,13.0,1,1,1,0,4.8121843,7.6875,0.0,4.1743875
32.5,26.0,148.6,150,12.0,12.0,1,1,1,0,5.0106354,9.375,0.0,3.48124
42.5,26.0,148.6,117,18.0,18.0,2,0,1,0,4.762174,7.3125,0.0,3.749504
22.5,26.0,148.6,142,14.0,13.0,2,1,1,0,4.955827,8.875,0.0,3.1135154
22.5,26.0,148.6,111,12.0,12.0,1,1,0,0,4.7095304,6.9375,0.0,3.1135154
16.5,26.0,148.6,101,12.0,12.0,2,1,1,10,4.6151204,6.3125,0.5,2.8033605
22.5,26.0,148.6,124,12.0,12.0,1,0,1,0,4.8202815,7.75,0.0,3.1135154
22.5,26.0,148.6,120,18.0,18.0,1,1,0,0,4.787492,7.5,0.0,3.1135154
65.0,26.0,148.6,123,12.0,12.0,3,1,1,0,4.8121843,7.6875,0.0,4.1743875
13.5,26.0,148.6,94,12.0,12.0,1,1,1,10,4.543295,5.875,0.5,2.6026897
32.5,26.0,148.6,110,10.0,12.0,1,0,1,0,4.7004805,6.875,0.0,3.48124
37.5,26.0,148.6,87,18.0,18.0,1,0,1,0,4.465908,5.4375,0.0,3.624341
37.5,26.0,148.6,109,15.0,16.0,1,1,1,0,4.691348,6.8125,0.0,3.624341
27.5,26.0,148.6,112,,12.0,1,0,0,0,4.7184987,7.0,0.0,3.314186
6.5,26.0,148.6,108,,12.0,3,0,0,20,4.6821313,6.75,1.0,1.8718022
19.5,25.0,133.0,139,11.0,10.0,4,0,1,0,4.934474,8.6875,0.0,2.9704144
32.5,25.0,133.0,104,16.0,16.0,1,0,1,0,4.644391,6.5,0.0,3.48124
22.5,25.0,133.0,121,,13.0,1,0,1,0,4.7957907,7.5625,0.0,3.1135154
65.0,25.0,133.0,110,15.0,17.0,1,0,1,0,4.7004805,6.875,0.0,4.1743875
27.5,25.0,133.0,155,12.0,10.0,5,0,1,0,5.043425,9.6875,0.0,3.314186
18.5,25.0,133.0,147,16.0,17.0,2,0,1,0,4.9904327,9.1875,0.0,2.9177706
47.5,25.0,133.0,117,11.0,12.0,1,1,1,0,4.762174,7.3125,0.0,3.8607297
1.5,25.0,133.0,113,,12.0,1,1,0,0,4.727388,7.0625,0.0,0.4054651
42.5,25.0,133.0,136,13.0,12.0,2,0,1,0,4.912655,8.5,0.0,3.749504
1.5,25.0,133.0,105,,12.0,1,0,0,0,4.65396,6.5625,0.0,0.4054651
65.0,25.0,133.0,129,16.0,16.0,1,1,1,0,4.8598123,8.0625,0.0,4.1743875
22.5,25.0,133.0,114,16.0,15.0,1,1,1,0,4.7361984,7.125,0.0,3.1135154
42.5,25.0,133.0,109,12.0,14.0,2,1,1,0,4.691348,6.8125,0.0,3.749504
0.5,25.0,133.0,108,,12.0,3,1,0,0,4.6821313,6.75,0.0,-0.6931472
47.5,25.0,133.0,142,16.0,16.0,1,0,1,0,4.955827,8.875,0.0,3.8607297
65.0,25.0,133.0,99,12.0,12.0,1,1,1,0,4.59512,6.1875,0.0,4.1743875
11.5,25.0,133.0,79,,12.0,1,1,1,20,4.3694477,4.9375,1.0,2.442347
5.5,25.0,133.0,102,12.0,11.0,1,0,1,20,4.624973,6.375,1.0,1.704748
65.0,25.0,133.0,74,12.0,12.0,2,0,1,0,4.304065,4.625,0.0,4.1743875
2.5,25.0,133.0,109,,12.0,1,1,0,3,4.691348,6.8125,0.15,0.91629076
65.0,25.0,133.0,142,18.0,16.0,3,0,1,0,4.955827,8.875,0.0,4.1743875
32.5,25.0,133.0,98,10.0,11.0,2,0,1,10,4.5849676,6.125,0.5,3.48124
2.5,25.0,133.0,128,12.0,12.0,2,1,0,0,4.8520303,8.0,0.0,0.91629076
47.5,25.0,133.0,107,17.0,12.0,1,1,1,0,4.6728287,6.6875,0.0,3.8607297
5.5,25.0,133.0,97,,11.0,1,1,0,0,4.574711,6.0625,0.0,1.704748
65.0,25.0,133.0,125,18.0,16.0,3,1,1,0,4.828314,7.8125,0.0,4.1743875
11.5,25.0,133.0,75,,13.0,2,1,0,20,4.317488,4.6875,1.0,2.442347
22.5,25.0,133.0,136,14.0,8.0,1,1,1,40,4.912655,8.5,2.0,3.1135154
65.0,25.0,133.0,106,17.0,16.0,1,0,1,0,4.6634393,6.625,0.0,4.1743875
13.5,25.0,133.0,104,12.0,12.0,1,0,1,0,4.644391,6.5,0.0,2.6026897
27.5,25.0,133.0,72,13.0,12.0,1,1,1,0,4.276666,4.5,0.0,3.314186
65.0,25.0,133.0,112,18.0,12.0,2,0,1,0,4.7184987,7.0,0.0,4.1743875
32.5,25.0,133.0,120,9.0,12.0,3,0,1,20,4.787492,7.5,1.0,3.48124
65.0,25.0,133.0,103,12.0,12.0,1,1,1,0,4.634729,6.4375,0.0,4.1743875
8.5,25.0,133.0,122,11.0,12.0,4,1,0,0,4.804021,7.625,0.0,2.1400661
27.5,25.0,133.0,136,16.0,16.0,1,0,1,0,4.912655,8.5,0.0,3.314186
65.0,25.0,133.0,123,14.0,10.0,3,1,1,0,4.8121843,7.6875,0.0,4.1743875
32.5,25.0,133.0,138,11.0,11.0,2,0,1,0,4.9272537,8.625,0.0,3.48124
5.5,25.0,133.0,50,11.0,12.0,1,1,1,8,3.912023,3.125,0.4,1.704748
22.5,25.0,133.0,75,11.0,12.0,3,1,1,20,4.317488,4.6875,1.0,3.1135154
5.5,25.0,133.0,93,,11.0,2,0,1,0,4.5325994,5.8125,0.0,1.704748
27.5,25.0,133.0,119,12.0,10.0,2,0,1,0,4.7791233,7.4375,0.0,3.314186
7.5,25.0,133.0,117,,15.0,1,0,0,0,4.762174,7.3125,0.0,2.014903
4.5,25.0,133.0,102,7.0,9.0,3,1,1,10,4.624973,6.375,0.5,1.5040774
42.5,25.0,133.0,112,16.0,15.0,3,1,1,0,4.7184987,7.0,0.0,3.749504
32.5,25.0,133.0,106,12.0,13.0,2,0,1,0,4.6634393,6.625,0.0,3.48124
22.5,25.0,133.0,108,11.0,12.0,2,1,1,0,4.6821313,6.75,0.0,3.1135154
27.5,25.0,133.0,112,12.0,12.0,1,0,1,0,4.7184987,7.0,0.0,3.314186
47.5,25.0,133.0,145,12.0,17.0,1,1,1,0,4.9767337,9.0625,0.0,3.8607297
32.5,25.0,133.0,134,14.0,13.0,1,1,0,0,4.89784,8.375,0.0,3.48124
3.5,25.0,133.0,117,,12.0,2,0,0,0,4.762174,7.3125,0.0,1.2527629
32.5,25.0,133.0,114,15.0,14.0,2,0,1,7,4.7361984,7.125,0.35,3.48124
9.5,25.0,133.0,52,13.0,12.0,1,1,1,0,3.9512436,3.25,0.0,2.2512918
47.5,25.0,133.0,125,16.0,16.0,1,0,1,0,4.828314,7.8125,0.0,3.8607297
42.5,25.0,133.0,127,17.0,14.0,1,0,1,0,4.8441873,7.9375,0.0,3.749504
9.5,25.0,133.0,132,14.0,15.0,1,1,1,0,4.882802,8.25,0.0,2.2512918
18.5,25.0,133.0,100,14.0,14.0,1,0,0,0,4.6051702,6.25,0.0,2.9177706
37.5,25.0,133.0,80,12.0,12.0,2,0,1,0,4.3820267,5.0,0.0,3.624341
27.5,25.0,133.0,124,14.0,13.0,2,0,1,0,4.8202815,7.75,0.0,3.314186
37.5,25.0,133.0,123,16.0,15.0,2,1,1,0,4.8121843,7.6875,0.0,3.624341
18.5,38.0,152.5,121,18.0,16.0,3,0,1,0,4.7957907,7.5625,0.0,2.9177706
65.0,38.0,152.5,136,12.0,12.0,3,1,1,0,4.912655,8.5,0.0,4.1743875
32.5,38.0,152.5,152,18.0,17.0,3,0,1,0,5.0238805,9.5,0.0,3.48124
27.5,38.0,152.5,132,16.0,16.0,1,0,1,0,4.882802,8.25,0.0,3.314186
65.0,38.0,152.5,143,16.0,16.0,2,0,1,0,4.962845,8.9375,0.0,4.1743875
22.5,38.0,152.5,114,12.0,12.0,1,1,1,8,4.7361984,7.125,0.4,3.1135154
65.0,38.0,152.5,88,16.0,16.0,1,0,1,0,4.477337,5.5,0.0,4.1743875
37.5,38.0,152.5,81,12.0,12.0,2,1,0,0,4.394449,5.0625,0.0,3.624341
22.5,38.0,152.5,115,15.0,13.0,2,0,1,0,4.744932,7.1875,0.0,3.1135154
47.5,38.0,152.5,150,18.0,12.0,2,1,1,0,5.0106354,9.375,0.0,3.8607297
42.5,38.0,152.5,141,16.0,13.0,2,1,1,0,4.94876,8.8125,0.0,3.749504
12.5,38.0,152.5,125,12.0,15.0,1,1,1,0,4.828314,7.8125,0.0,2.5257287
18.5,38.0,152.5,135,12.0,12.0,2,0,1,0,4.905275,8.4375,0.0,2.9177706
6.5,38.0,152.5,120,,11.0,2,0,1,20,4.787492,7.5,1.0,1.8718022
42.5,38.0,152.5,83,14.0,14.0,2,0,1,0,4.4188404,5.1875,0.0,3.749504
27.5,38.0,152.5,143,12.0,12.0,3,0,1,0,4.962845,8.9375,0.0,3.314186
65.0,38.0,152.5,153,12.0,16.0,1,1,1,0,5.030438,9.5625,0.0,4.1743875
65.0,38.0,152.5,150,16.0,14.0,3,1,1,0,5.0106354,9.375,0.0,4.1743875
27.5,38.0,152.5,152,14.0,14.0,3,0,1,0,5.0238805,9.5,0.0,3.314186
27.5,38.0,152.5,148,12.0,12.0,1,0,1,10,4.9972124,9.25,0.5,3.314186
42.5,38.0,152.5,123,13.0,18.0,2,0,1,0,4.8121843,7.6875,0.0,3.749504
27.5,38.0,152.5,117,12.0,12.0,1,1,1,0,4.762174,7.3125,0.0,3.314186
65.0,38.0,152.5,128,16.0,16.0,1,1,1,0,4.8520303,8.0,0.0,4.1743875
65.0,38.0,152.5,92,16.0,16.0,2,0,1,0,4.5217886,5.75,0.0,4.1743875
27.5,38.0,152.5,115,13.0,13.0,1,0,1,0,4.744932,7.1875,0.0,3.314186
27.5,38.0,152.5,105,16.0,17.0,1,0,1,0,4.65396,6.5625,0.0,3.314186
65.0,38.0,152.5,141,16.0,12.0,1,1,1,0,4.94876,8.8125,0.0,4.1743875
14.5,38.0,152.5,104,12.0,12.0,1,1,1,0,4.644391,6.5,0.0,2.6741486
22.5,38.0,152.5,156,14.0,12.0,3,1,1,0,5.049856,9.75,0.0,3.1135154
10.5,38.0,152.5,131,16.0,12.0,4,0,1,0,4.8751974,8.1875,0.0,2.3513753
15.5,38.0,152.5,117,12.0,12.0,1,1,1,0,4.762174,7.3125,0.0,2.74084
32.5,38.0,152.5,141,12.0,12.0,2,0,1,0,4.94876,8.8125,0.0,3.48124
32.5,38.0,152.5,138,12.0,10.0,2,0,1,0,4.9272537,8.625,0.0,3.48124
4.5,38.0,152.5,136,,12.0,1,0,1,0,4.912655,8.5,0.0,1.5040774
6.5,38.0,152.5,149,,13.0,2,0,0,0,5.0039463,9.3125,0.0,1.8718022
8.5,38.0,152.5,144,12.0,12.0,1,0,1,0,4.9698133,9.0,0.0,2.1400661
32.5,38.0,152.5,123,18.0,18.0,1,0,1,0,4.8121843,7.6875,0.0,3.48124
32.5,38.0,152.5,114,16.0,16.0,1,1,1,0,4.7361984,7.125,0.0,3.48124
32.5,38.0,152.5,100,,12.0,1,1,1,0,4.6051702,6.25,0.0,3.48124
47.5,38.0,152.5,127,12.0,12.0,1,1,1,0,4.8441873,7.9375,0.0,3.8607297
17.5,38.0,152.5,92,12.0,12.0,1,0,1,20,4.5217886,5.75,1.0,2.862201
37.5,38.0,152.5,138,16.0,17.0,2,0,1,0,4.9272537,8.625,0.0,3.624341
27.5,38.0,152.5,139,15.0,16.0,1,1,1,0,4.934474,8.6875,0.0,3.314186
7.5,38.0,152.5,124,16.0,16.0,1,1,1,0,4.8202815,7.75,0.0,2.014903
10.5,13.0,118.9,132,10.0,11.0,1,1,1,0,4.882802,8.25,0.0,2.3513753
22.5,13.0,118.9,151,14.0,13.0,2,0,1,0,5.0172796,9.4375,0.0,3.1135154
27.5,13.0,118.9,126,12.0,16.0,2,1,1,0,4.836282,7.875,0.0,3.314186
32.5,13.0,118.9,95,17.0,18.0,1,0,1,5,4.553877,5.9375,0.25,3.48124
37.5,13.0,118.9,115,12.0,16.0,1,0,1,0,4.744932,7.1875,0.0,3.624341
4.5,13.0,118.9,109,,12.0,1,1,0,0,4.691348,6.8125,0.0,1.5040774
2.5,13.0,118.9,86,,11.0,1,0,0,0,4.454347,5.375,0.0,0.91629076
47.5,13.0,118.9,128,12.0,9.0,2,0,1,0,4.8520303,8.0,0.0,3.8607297
22.5,13.0,118.9,94,12.0,10.0,1,1,1,10,4.543295,5.875,0.5,3.1135154
1.5,13.0,118.9,144,,12.0,1,0,0,0,4.9698133,9.0,0.0,0.4054651
22.5,13.0,118.9,92,18.0,16.0,1,0,0,0,4.5217886,5.75,0.0,3.1135154
27.5,13.0,118.9,117,12.0,12.0,1,0,1,0,4.762174,7.3125,0.0,3.314186
65.0,13.0,118.9,130,12.0,11.0,1,1,1,0,4.8675346,8.125,0.0,4.1743875
42.5,13.0,118.9,82,13.0,14.0,3,0,1,0,4.406719,5.125,0.0,3.749504
12.5,13.0,118.9,121,12.0,12.0,2,1,1,0,4.7957907,7.5625,0.0,2.5257287
47.5,13.0,118.9,98,12.0,14.0,1,1,1,0,4.5849676,6.125,0.0,3.8607297
32.5,13.0,118.9,137,16.0,14.0,1,1,1,20,4.919981,8.5625,1.0,3.48124
37.5,13.0,118.9,114,16.0,16.0,1,0,1,15,4.7361984,7.125,0.75,3.624341
42.5,13.0,118.9,121,12.0,16.0,2,1,1,0,4.7957907,7.5625,0.0,3.749504
22.5,13.0,118.9,124,14.0,12.0,2,1,1,0,4.8202815,7.75,0.0,3.1135154
17.5,16.0,123.0,119,16.0,14.0,1,0,1,0,4.7791233,7.4375,0.0,2.862201
32.5,16.0,123.0,151,18.0,18.0,3,1,1,0,5.0172796,9.4375,0.0,3.48124
22.5,16.0,123.0,144,12.0,12.0,1,0,1,0,4.9698133,9.0,0.0,3.1135154
18.5,16.0,123.0,124,12.0,12.0,5,0,1,0,4.8202815,7.75,0.0,2.9177706
32.5,16.0,123.0,100,12.0,12.0,2,0,1,7,4.6051702,6.25,0.35,3.48124
27.5,16.0,123.0,160,14.0,16.0,3,0,1,0,5.075174,10.0,0.0,3.314186
3.5,16.0,123.0,109,10.0,12.0,2,1,1,0,4.691348,6.8125,0.0,1.2527629
15.5,16.0,123.0,138,12.0,14.0,3,1,1,0,4.9272537,8.625,0.0,2.74084
65.0,16.0,123.0,122,18.0,18.0,3,1,1,0,4.804021,7.625,0.0,4.1743875
37.5,16.0,123.0,109,12.0,16.0,4,0,1,0,4.691348,6.8125,0.0,3.624341
32.5,16.0,123.0,139,16.0,18.0,1,1,1,0,4.934474,8.6875,0.0,3.48124
9.5,16.0,123.0,125,12.0,12.0,2,1,1,0,4.828314,7.8125,0.0,2.2512918
22.5,20.0,145.6,118,12.0,6.0,3,1,1,15,4.7706847,7.375,0.75,3.1135154
42.5,20.0,145.6,114,12.0,17.0,1,1,1,0,4.7361984,7.125,0.0,3.749504
65.0,20.0,145.6,152,7.0,13.0,3,1,0,0,5.0238805,9.5,0.0,4.1743875
37.5,20.0,145.6,114,16.0,13.0,2,0,1,1,4.7361984,7.125,0.05,3.624341
22.5,20.0,145.6,119,16.0,16.0,1,1,0,0,4.7791233,7.4375,0.0,3.1135154
15.5,20.0,145.6,149,12.0,12.0,1,1,0,0,5.0039463,9.3125,0.0,2.74084
42.5,27.0,139.5,126,13.0,12.0,1,0,1,15,4.836282,7.875,0.75,3.749504
14.5,27.0,139.5,114,13.0,11.0,1,1,1,0,4.7361984,7.125,0.0,2.6741486
37.5,27.0,139.5,126,18.0,16.0,2,1,1,0,4.836282,7.875,0.0,3.624341
22.5,27.0,139.5,115,,12.0,1,1,1,0,4.744932,7.1875,0.0,3.1135154
65.0,27.0,139.5,123,12.0,16.0,1,1,1,0,4.8121843,7.6875,0.0,4.1743875
47.5,27.0,139.5,160,17.0,12.0,1,1,1,0,5.075174,10.0,0.0,3.8607297
10.5,27.0,139.5,58,12.0,11.0,1,1,1,0,4.060443,3.625,0.0,2.3513753
65.0,27.0,139.5,108,18.0,17.0,1,0,1,0,4.6821313,6.75,0.0,4.1743875
27.5,27.0,139.5,113,12.0,12.0,2,1,1,0,4.727388,7.0625,0.0,3.314186
65.0,27.0,139.5,140,18.0,18.0,2,1,1,0,4.9416423,8.75,0.0,4.1743875
27.5,27.0,139.5,118,12.0,16.0,2,1,1,0,4.7706847,7.375,0.0,3.314186
65.0,27.0,139.5,111,16.0,12.0,1,1,1,0,4.7095304,6.9375,0.0,4.1743875
16.5,27.0,139.5,88,12.0,12.0,1,1,1,5,4.477337,5.5,0.25,2.8033605
65.0,27.0,139.5,133,14.0,13.0,1,0,1,10,4.890349,8.3125,0.5,4.1743875
42.5,27.0,139.5,106,16.0,18.0,1,0,1,0,4.6634393,6.625,0.0,3.749504
12.5,27.0,139.5,137,16.0,12.0,1,1,0,0,4.919981,8.5625,0.0,2.5257287
11.5,27.0,139.5,129,15.0,16.0,1,1,0,0,4.8598123,8.0625,0.0,2.442347
37.5,27.0,139.5,132,12.0,12.0,3,1,0,0,4.882802,8.25,0.0,3.624341
65.0,27.0,139.5,112,13.0,12.0,1,1,1,12,4.7184987,7.0,0.6,4.1743875
32.5,27.0,139.5,122,12.0,10.0,2,1,1,0,4.804021,7.625,0.0,3.48124
65.0,27.0,139.5,76,16.0,16.0,1,0,1,0,4.3307333,4.75,0.0,4.1743875
65.0,27.0,139.5,122,18.0,14.0,4,0,1,10,4.804021,7.625,0.5,4.1743875
65.0,27.0,139.5,159,18.0,16.0,2,0,1,0,5.0689044,9.9375,0.0,4.1743875
65.0,27.0,139.5,116,15.0,16.0,1,1,1,0,4.75359,7.25,0.0,4.1743875
22.5,27.0,139.5,104,12.0,13.0,1,0,1,20,4.644391,6.5,1.0,3.1135154
65.0,27.0,139.5,116,16.0,14.0,1,0,1,0,4.75359,7.25,0.0,4.1743875
47.5,27.0,139.5,115,12.0,11.0,3,0,1,10,4.744932,7.1875,0.5,3.8607297
27.5,27.0,139.5,159,12.0,12.0,1,1,1,10,5.0689044,9.9375,0.5,3.314186
65.0,27.0,139.5,145,16.0,16.0,1,0,1,0,4.9767337,9.0625,0.0,4.1743875
65.0,27.0,139.5,121,14.0,16.0,2,0,1,0,4.7957907,7.5625,0.0,4.1743875
32.5,27.0,139.5,112,,16.0,1,1,1,0,4.7184987,7.0,0.0,3.48124
22.5,27.0,139.5,107,13.0,12.0,1,0,1,0,4.6728287,6.6875,0.0,3.1135154
65.0,27.0,139.5,133,12.0,17.0,1,0,1,0,4.890349,8.3125,0.0,4.1743875
65.0,27.0,139.5,136,12.0,12.0,2,1,1,0,4.912655,8.5,0.0,4.1743875
6.5,27.0,139.5,148,,12.0,1,0,1,0,4.9972124,9.25,0.0,1.8718022
65.0,27.0,139.5,133,12.0,14.0,2,1,1,0,4.890349,8.3125,0.0,4.1743875
37.5,27.0,139.5,108,13.0,12.0,1,1,1,4,4.6821313,6.75,0.2,3.624341
65.0,27.0,139.5,91,16.0,16.0,2,1,1,0,4.5108595,5.6875,0.0,4.1743875
32.5,27.0,139.5,94,12.0,12.0,2,1,1,0,4.543295,5.875,0.0,3.48124
27.5,15.0,127.2,123,12.0,12.0,1,0,1,0,4.8121843,7.6875,0.0,3.314186
65.0,15.0,127.2,129,18.0,16.0,2,0,1,0,4.8598123,8.0625,0.0,4.1743875
27.5,15.0,127.2,108,14.0,14.0,1,1,1,0,4.6821313,6.75,0.0,3.314186
22.5,15.0,127.2,144,12.0,16.0,2,1,0,0,4.9698133,9.0,0.0,3.1135154
22.5,15.0,127.2,132,14.0,12.0,1,0,0,0,4.882802,8.25,0.0,3.1135154
13.5,15.0,127.2,130,14.0,12.0,1,1,0,0,4.8675346,8.125,0.0,2.6026897
22.5,21.0,136.7,105,,13.0,1,0,0,0,4.65396,6.5625,0.0,3.1135154
32.5,21.0,136.7,90,12.0,10.0,1,1,1,0,4.4998097,5.625,0.0,3.48124
12.5,21.0,136.7,154,,12.0,5,1,0,0,5.0369525,9.625,0.0,2.5257287
6.5,21.0,136.7,103,,12.0,1,1,0,4,4.634729,6.4375,0.2,1.8718022
22.5,21.0,136.7,87,12.0,12.0,1,1,1,15,4.465908,5.4375,0.75,3.1135154
42.5,21.0,136.7,133,12.0,14.0,2,0,1,0,4.890349,8.3125,0.0,3.749504
42.5,21.0,136.7,117,12.0,13.0,2,1,1,0,4.762174,7.3125,0.0,3.749504
65.0,21.0,136.7,152,16.0,14.0,1,1,1,0,5.0238805,9.5,0.0,4.1743875
27.5,21.0,136.7,119,16.0,12.0,3,0,1,0,4.7791233,7.4375,0.0,3.314186
22.5,21.0,136.7,108,15.0,14.0,2,0,0,0,4.6821313,6.75,0.0,3.1135154
65.0,21.0,136.7,114,18.0,16.0,1,0,1,0,4.7361984,7.125,0.0,4.1743875
37.5,21.0,136.7,89,12.0,14.0,1,0,1,3,4.4886365,5.5625,0.15,3.624341
65.0,21.0,136.7,132,12.0,12.0,3,0,1,0,4.882802,8.25,0.0,4.1743875
32.5,21.0,136.7,130,12.0,12.0,1,1,1,0,4.8675346,8.125,0.0,3.48124
65.0,21.0,136.7,124,16.0,16.0,2,1,0,0,4.8202815,7.75,0.0,4.1743875
65.0,21.0,136.7,107,18.0,18.0,1,0,1,0,4.6728287,6.6875,0.0,4.1743875
22.5,21.0,136.7,125,12.0,14.0,1,1,1,0,4.828314,7.8125,0.0,3.1135154
22.5,21.0,136.7,117,15.0,15.0,1,0,1,0,4.762174,7.3125,0.0,3.1135154
17.5,21.0,136.7,117,11.0,14.0,1,1,0,0,4.762174,7.3125,0.0,2.862201
19.5,21.0,136.7,125,12.0,14.0,3,0,1,0,4.828314,7.8125,0.0,2.9704144
27.5,21.0,136.7,106,12.0,14.0,2,1,1,0,4.6634393,6.625,0.0,3.314186
47.5,21.0,136.7,130,13.0,13.0,2,1,1,10,4.8675346,8.125,0.5,3.8607297
47.5,21.0,136.7,129,12.0,14.0,1,1,1,0,4.8598123,8.0625,0.0,3.8607297
22.5,21.0,136.7,144,,16.0,1,1,1,0,4.9698133,9.0,0.0,3.1135154
9.5,21.0,136.7,104,8.0,12.0,1,0,0,0,4.644391,6.5,0.0,2.2512918
42.5,21.0,136.7,110,12.0,16.0,3,0,1,0,4.7004805,6.875,0.0,3.749504
10.5,21.0,136.7,113,9.0,12.0,2,0,1,10,4.727388,7.0625,0.5,2.3513753
65.0,21.0,136.7,93,15.0,18.0,1,0,1,0,4.5325994,5.8125,0.0,4.1743875
47.5,21.0,136.7,106,15.0,18.0,2,0,1,0,4.6634393,6.625,0.0,3.8607297
42.5,21.0,136.7,113,18.0,12.0,3,1,1,0,4.727388,7.0625,0.0,3.749504
22.5,21.0,136.7,120,,12.0,1,1,0,20,4.787492,7.5,1.0,3.1135154
27.5,21.0,136.7,116,16.0,15.0,1,1,1,0,4.75359,7.25,0.0,3.314186
65.0,21.0,136.7,129,18.0,16.0,2,0,1,0,4.8598123,8.0625,0.0,4.1743875
8.5,21.0,136.7,106,,13.0,1,1,0,0,4.6634393,6.625,0.0,2.1400661
22.5,21.0,136.7,119,11.0,11.0,1,1,1,0,4.7791233,7.4375,0.0,3.1135154
19.5,21.0,136.7,112,12.0,13.0,1,1,1,0,4.7184987,7.0,0.0,2.9704144
8.5,21.0,136.7,123,10.0,10.0,1,0,1,0,4.8121843,7.6875,0.0,2.1400661
47.5,21.0,136.7,129,,14.0,1,0,0,0,4.8598123,8.0625,0.0,3.8607297
8.5,21.0,136.7,100,6.0,12.0,3,1,0,0,4.6051702,6.25,0.0,2.1400661
4.5,21.0,136.7,97,,10.0,1,0,0,2,4.574711,6.0625,0.1,1.5040774
65.0,21.0,136.7,127,18.0,18.0,1,0,1,0,4.8441873,7.9375,0.0,4.1743875
32.5,21.0,136.7,128,12.0,13.0,1,0,1,0,4.8520303,8.0,0.0,3.48124
12.5,21.0,136.7,122,,13.0,2,0,0,0,4.804021,7.625,0.0,2.5257287
65.0,21.0,136.7,93,14.0,12.0,1,1,1,0,4.5325994,5.8125,0.0,4.1743875
19.5,21.0,136.7,90,12.0,11.0,1,1,1,10,4.4998097,5.625,0.5,2.9704144
22.5,21.0,136.7,73,14.0,14.0,1,1,1,0,4.2904596,4.5625,0.0,3.1135154
27.5,21.0,136.7,133,,16.0,2,0,1,0,4.890349,8.3125,0.0,3.314186
19.5,21.0,136.7,112,,12.0,1,0,0,0,4.7184987,7.0,0.0,2.9704144
15.5,21.0,136.7,98,16.0,17.0,1,0,1,0,4.5849676,6.125,0.0,2.74084
37.5,21.0,136.7,136,14.0,12.0,1,1,1,0,4.912655,8.5,0.0,3.624341
13.5,21.0,136.7,78,13.0,11.0,2,1,0,0,4.356709,4.875,0.0,2.6026897
42.5,21.0,136.7,107,11.0,12.0,1,0,1,0,4.6728287,6.6875,0.0,3.749504
65.0,21.0,136.7,147,12.0,12.0,1,1,1,0,4.9904327,9.1875,0.0,4.1743875
32.5,21.0,136.7,149,14.0,12.0,1,0,1,20,5.0039463,9.3125,1.0,3.48124
37.5,21.0,136.7,106,18.0,16.0,1,0,1,0,4.6634393,6.625,0.0,3.624341
47.5,21.0,136.7,97,10.0,13.0,1,0,1,10,4.574711,6.0625,0.5,3.8607297
65.0,21.0,136.7,134,12.0,12.0,2,0,1,0,4.89784,8.375,0.0,4.1743875
22.5,21.0,136.7,136,16.0,16.0,2,1,1,0,4.912655,8.5,0.0,3.1135154
27.5,21.0,136.7,136,16.0,16.0,2,0,0,0,4.912655,8.5,0.0,3.314186
22.5,21.0,136.7,131,12.0,12.0,1,1,1,0,4.8751974,8.1875,0.0,3.1135154
27.5,21.0,136.7,112,15.0,16.0,1,1,1,0,4.7184987,7.0,0.0,3.314186
12.5,21.0,136.7,105,13.0,12.0,1,1,1,0,4.65396,6.5625,0.0,2.5257287
19.5,21.0,136.7,120,16.0,14.0,1,0,0,0,4.787492,7.5,0.0,2.9704144
42.5,21.0,136.7,120,16.0,15.0,1,0,1,0,4.787492,7.5,0.0,3.749504
27.5,21.0,136.7,115,12.0,14.0,3,1,1,0,4.744932,7.1875,0.0,3.314186
32.5,21.0,136.7,120,13.0,16.0,1,1,1,0,4.787492,7.5,0.0,3.48124
65.0,21.0,136.7,141,12.0,12.0,1,0,0,0,4.94876,8.8125,0.0,4.1743875
47.5,21.0,136.7,119,13.0,12.0,3,0,1,5,4.7791233,7.4375,0.25,3.8607297
27.5,21.0,136.7,114,16.0,14.0,1,0,1,0,4.7361984,7.125,0.0,3.314186
32.5,21.0,136.7,143,12.0,9.0,3,0,0,10,4.962845,8.9375,0.5,3.48124
65.0,21.0,136.7,113,12.0,12.0,1,1,1,0,4.727388,7.0625,0.0,4.1743875
22.5,21.0,136.7,118,12.0,12.0,2,0,1,0,4.7706847,7.375,0.0,3.1135154
65.0,21.0,136.7,126,12.0,14.0,1,1,1,0,4.836282,7.875,0.0,4.1743875
42.5,21.0,136.7,120,13.0,12.0,1,1,1,0,4.787492,7.5,0.0,3.749504
32.5,21.0,136.7,139,18.0,18.0,2,1,0,0,4.934474,8.6875,0.0,3.48124
65.0,21.0,136.7,104,14.0,14.0,1,0,1,0,4.644391,6.5,0.0,4.1743875
42.5,21.0,136.7,141,12.0,12.0,3,0,0,0,4.94876,8.8125,0.0,3.749504
27.5,21.0,136.7,114,12.0,12.0,1,1,1,0,4.7361984,7.125,0.0,3.314186
65.0,21.0,136.7,111,16.0,14.0,2,0,1,0,4.7095304,6.9375,0.0,4.1743875
5.5,21.0,136.7,94,,12.0,1,0,1,0,4.543295,5.875,0.0,1.704748
22.5,21.0,136.7,134,12.0,6.0,1,1,0,0,4.89784,8.375,0.0,3.1135154
37.5,21.0,136.7,113,17.0,13.0,1,1,0,0,4.727388,7.0625,0.0,3.624341
2.5,21.0,136.7,116,,12.0,2,1,0,0,4.75359,7.25,0.0,0.91629076
6.5,2.0,107.6,114,12.0,13.0,1,1,0,0,4.7361984,7.125,0.0,1.8718022
18.5,2.0,107.6,115,12.0,12.0,1,0,1,0,4.744932,7.1875,0.0,2.9177706
13.5,2.0,107.6,122,10.0,11.0,1,0,1,0,4.804021,7.625,0.0,2.6026897
12.5,2.0,107.6,118,14.0,10.0,4,1,1,20,4.7706847,7.375,1.0,2.5257287
19.5,2.0,107.6,115,9.0,9.0,1,0,1,0,4.744932,7.1875,0.0,2.9704144
9.5,2.0,107.6,104,12.0,12.0,1,0,1,0,4.644391,6.5,0.0,2.2512918
9.5,2.0,107.6,134,7.0,12.0,2,1,0,0,4.89784,8.375,0.0,2.2512918
13.5,2.0,107.6,143,12.0,12.0,1,1,1,0,4.962845,8.9375,0.0,2.6026897
47.5,2.0,107.6,143,16.0,16.0,1,1,1,0,4.962845,8.9375,0.0,3.8607297
10.5,2.0,107.6,106,12.0,13.0,2,1,0,0,4.6634393,6.625,0.0,2.3513753
37.5,2.0,107.6,127,16.0,14.0,2,1,1,0,4.8441873,7.9375,0.0,3.624341
27.5,2.0,107.6,122,13.0,14.0,1,0,1,0,4.804021,7.625,0.0,3.314186
19.5,2.0,107.6,115,13.0,16.0,1,1,1,0,4.744932,7.1875,0.0,2.9704144
15.5,2.0,107.6,139,12.0,12.0,4,1,0,0,4.934474,8.6875,0.0,2.74084
16.5,2.0,107.6,114,11.0,9.0,2,0,1,10,4.7361984,7.125,0.5,2.8033605
32.5,2.0,107.6,108,16.0,16.0,1,0,1,0,4.6821313,6.75,0.0,3.48124
11.5,2.0,107.6,127,,14.0,1,1,0,0,4.8441873,7.9375,0.0,2.442347
10.5,2.0,107.6,111,,11.0,1,0,0,0,4.7095304,6.9375,0.0,2.3513753
16.5,2.0,107.6,91,,11.0,1,0,0,0,4.5108595,5.6875,0.0,2.8033605
9.5,2.0,107.6,96,,10.0,1,1,0,0,4.564348,6.0,0.0,2.2512918
12.5,2.0,107.6,103,12.0,8.0,1,1,0,10,4.634729,6.4375,0.5,2.5257287
9.5,2.0,107.6,78,10.0,6.0,2,1,1,0,4.356709,4.875,0.0,2.2512918
22.5,2.0,107.6,98,12.0,12.0,1,0,1,0,4.5849676,6.125,0.0,3.1135154
22.5,2.0,107.6,94,8.0,8.0,2,0,1,30,4.543295,5.875,1.5,3.1135154
27.5,2.0,107.6,135,12.0,10.0,1,1,1,10,4.905275,8.4375,0.5,3.314186
11.5,2.0,107.6,124,9.0,9.0,1,1,1,20,4.8202815,7.75,1.0,2.442347
5.5,18.0,120.5,108,,7.0,4,0,1,0,4.6821313,6.75,0.0,1.704748
19.5,18.0,120.5,128,12.0,12.0,1,1,1,10,4.8520303,8.0,0.5,2.9704144
11.5,18.0,120.5,139,12.0,12.0,3,0,1,0,4.934474,8.6875,0.0,2.442347
27.5,18.0,120.5,128,14.0,8.0,3,1,1,0,4.8520303,8.0,0.0,3.314186
42.5,18.0,120.5,102,12.0,13.0,1,1,1,0,4.624973,6.375,0.0,3.749504
3.5,18.0,120.5,136,,12.0,2,1,1,0,4.912655,8.5,0.0,1.2527629
65.0,18.0,120.5,146,12.0,12.0,1,0,1,0,4.983607,9.125,0.0,4.1743875
16.5,18.0,120.5,136,17.0,12.0,1,1,1,0,4.912655,8.5,0.0,2.8033605
42.5,18.0,120.5,89,16.0,16.0,1,1,1,0,4.4886365,5.5625,0.0,3.749504
2.5,18.0,120.5,102,,10.0,1,0,1,30,4.624973,6.375,1.5,0.91629076
3.5,18.0,120.5,138,,10.0,3,1,0,30,4.9272537,8.625,1.5,1.2527629
8.5,18.0,120.5,128,12.0,12.0,1,0,1,0,4.8520303,8.0,0.0,2.1400661
27.5,18.0,120.5,124,12.0,13.0,3,1,1,0,4.8202815,7.75,0.0,3.314186
12.5,18.0,120.5,122,12.0,12.0,1,1,1,0,4.804021,7.625,0.0,2.5257287
4.5,18.0,120.5,101,,10.0,2,0,1,4,4.6151204,6.3125,0.2,1.5040774
37.5,18.0,120.5,118,12.0,12.0,1,1,1,0,4.7706847,7.375,0.0,3.624341
32.5,18.0,120.5,70,16.0,18.0,2,1,1,0,4.248495,4.375,0.0,3.48124
22.5,18.0,120.5,136,12.0,12.0,1,1,1,0,4.912655,8.5,0.0,3.1135154
37.5,18.0,120.5,152,13.0,12.0,2,0,1,0,5.0238805,9.5,0.0,3.624341
19.5,18.0,120.5,98,12.0,14.0,3,0,1,0,4.5849676,6.125,0.0,2.9704144
9.5,18.0,120.5,68,12.0,11.0,4,0,1,10,4.2195077,4.25,0.5,2.2512918
13.5,18.0,120.5,101,8.0,12.0,2,0,0,3,4.6151204,6.3125,0.15,2.6026897
2.5,18.0,120.5,94,,10.0,2,0,0,0,4.543295,5.875,0.0,0.91629076
0.5,18.0,120.5,117,8.0,8.0,1,1,1,0,4.762174,7.3125,0.0,-0.6931472
10.5,18.0,120.5,96,,12.0,1,0,0,0,4.564348,6.0,0.0,2.3513753
47.5,18.0,120.5,122,16.0,14.0,2,0,1,0,4.804021,7.625,0.0,3.8607297
42.5,18.0,120.5,132,16.0,16.0,4,1,1,0,4.882802,8.25,0.0,3.749504
3.5,18.0,120.5,104,,12.0,2,1,0,20,4.644391,6.5,1.0,1.2527629
27.5,18.0,120.5,130,,12.0,3,0,1,0,4.8675346,8.125,0.0,3.314186
19.5,18.0,120.5,84,,15.0,1,1,0,0,4.4308167,5.25,0.0,2.9704144
37.5,18.0,120.5,159,12.0,12.0,1,1,1,0,5.0689044,9.9375,0.0,3.624341
7.5,18.0,120.5,115,,10.0,1,0,1,3,4.744932,7.1875,0.15,2.014903
22.5,18.0,120.5,126,12.0,10.0,1,0,1,20,4.836282,7.875,1.0,3.1135154
22.5,18.0,120.5,132,13.0,12.0,1,0,1,7,4.882802,8.25,0.35,3.1135154
47.5,18.0,120.5,101,12.0,14.0,3,0,0,0,4.6151204,6.3125,0.0,3.8607297
27.5,18.0,120.5,87,12.0,12.0,2,1,1,20,4.465908,5.4375,1.0,3.314186
4.5,18.0,120.5,147,,12.0,1,1,1,0,4.9904327,9.1875,0.0,1.5040774
18.5,18.0,120.5,108,12.0,12.0,1,1,1,0,4.6821313,6.75,0.0,2.9177706
32.5,18.0,120.5,103,15.0,16.0,1,1,1,0,4.634729,6.4375,0.0,3.48124
37.5,18.0,120.5,128,12.0,12.0,2,0,1,0,4.8520303,8.0,0.0,3.624341
6.5,18.0,120.5,97,11.0,10.0,2,1,1,2,4.574711,6.0625,0.1,1.8718022
42.5,18.0,120.5,113,16.0,12.0,1,1,1,0,4.727388,7.0625,0.0,3.749504
47.5,18.0,120.5,128,12.0,12.0,1,0,1,0,4.8520303,8.0,0.0,3.8607297
14.5,18.0,120.5,74,,12.0,2,1,0,10,4.304065,4.625,0.5,2.6741486
4.5,18.0,120.5,95,,11.0,1,1,1,0,4.553877,5.9375,0.0,1.5040774
65.0,18.0,120.5,128,16.0,16.0,2,0,1,0,4.8520303,8.0,0.0,4.1743875
12.5,18.0,120.5,129,11.0,12.0,2,1,1,20,4.8598123,8.0625,1.0,2.5257287
37.5,18.0,120.5,117,12.0,12.0,1,1,1,0,4.762174,7.3125,0.0,3.624341
32.5,18.0,120.5,109,12.0,12.0,1,1,1,0,4.691348,6.8125,0.0,3.48124
6.5,18.0,120.5,109,,12.0,1,0,0,0,4.691348,6.8125,0.0,1.8718022
11.5,18.0,120.5,129,13.0,12.0,1,0,1,5,4.8598123,8.0625,0.25,2.442347
14.5,18.0,120.5,144,12.0,12.0,2,0,1,0,4.9698133,9.0,0.0,2.6741486
27.5,18.0,120.5,131,10.0,9.0,2,0,1,0,4.8751974,8.1875,0.0,3.314186
32.5,18.0,120.5,104,17.0,12.0,1,1,1,0,4.644391,6.5,0.0,3.48124
15.5,18.0,120.5,120,12.0,12.0,1,0,0,0,4.787492,7.5,0.0,2.74084
22.5,18.0,120.5,99,10.0,12.0,2,0,0,10,4.59512,6.1875,0.5,3.1135154
22.5,18.0,120.5,103,11.0,12.0,3,0,1,20,4.634729,6.4375,1.0,3.1135154
65.0,18.0,120.5,123,16.0,16.0,3,1,1,0,4.8121843,7.6875,0.0,4.1743875
47.5,18.0,120.5,134,12.0,12.0,1,0,1,0,4.89784,8.375,0.0,3.8607297
17.5,18.0,120.5,147,12.0,12.0,2,1,1,0,4.9904327,9.1875,0.0,2.862201
27.5,18.0,120.5,83,12.0,9.0,2,1,0,20,4.4188404,5.1875,1.0,3.314186
32.5,18.0,120.5,91,12.0,12.0,1,1,0,0,4.5108595,5.6875,0.0,3.48124
65.0,18.0,120.5,124,12.0,14.0,2,1,1,0,4.8202815,7.75,0.0,4.1743875
65.0,18.0,120.5,141,18.0,17.0,2,0,1,0,4.94876,8.8125,0.0,4.1743875
65.0,18.0,120.5,56,18.0,16.0,1,1,1,0,4.0253515,3.5,0.0,4.1743875
32.5,18.0,120.5,139,14.0,12.0,1,1,1,0,4.934474,8.6875,0.0,3.48124
18.5,18.0,120.5,133,12.0,12.0,2,1,1,0,4.890349,8.3125,0.0,2.9177706
42.5,18.0,120.5,144,12.0,12.0,2,1,1,0,4.9698133,9.0,0.0,3.749504
7.5,18.0,120.5,130,,12.0,1,1,1,0,4.8675346,8.125,0.0,2.014903
37.5,18.0,120.5,102,13.0,12.0,2,0,1,5,4.624973,6.375,0.25,3.624341
37.5,18.0,120.5,109,14.0,14.0,2,1,1,0,4.691348,6.8125,0.0,3.624341
1.5,18.0,120.5,104,,12.0,2,0,0,0,4.644391,6.5,0.0,0.4054651
17.5,18.0,120.5,134,,13.0,2,0,0,7,4.89784,8.375,0.35,2.862201
65.0,18.0,120.5,91,12.0,16.0,1,1,1,0,4.5108595,5.6875,0.0,4.1743875
3.5,18.0,120.5,159,11.0,12.0,2,0,1,0,5.0689044,9.9375,0.0,1.2527629
4.5,18.0,120.5,93,17.0,18.0,1,0,0,0,4.5325994,5.8125,0.0,1.5040774
22.5,18.0,120.5,131,,12.0,1,1,0,15,4.8751974,8.1875,0.75,3.1135154
22.5,18.0,120.5,119,12.0,12.0,2,1,0,0,4.7791233,7.4375,0.0,3.1135154
3.5,18.0,120.5,126,,11.0,2,1,0,0,4.836282,7.875,0.0,1.2527629
17.5,18.0,120.5,107,12.0,11.0,1,0,0,0,4.6728287,6.6875,0.0,2.862201
16.5,18.0,120.5,76,12.0,12.0,1,0,1,0,4.3307333,4.75,0.0,2.8033605
10.5,18.0,120.5,122,17.0,17.0,1,1,0,0,4.804021,7.625,0.0,2.3513753
22.5,18.0,120.5,104,18.0,16.0,2,0,0,0,4.644391,6.5,0.0,3.1135154
3.5,18.0,120.5,92,,11.0,3,0,0,4,4.5217886,5.75,0.2,1.2527629
8.5,18.0,120.5,101,9.0,9.0,2,1,1,10,4.6151204,6.3125,0.5,2.1400661
1.5,18.0,120.5,109,11.0,12.0,1,0,0,0,4.691348,6.8125,0.0,0.4054651
65.0,18.0,120.5,113,16.0,16.0,2,0,1,0,4.727388,7.0625,0.0,4.1743875
42.5,18.0,120.5,136,13.0,16.0,1,0,1,0,4.912655,8.5,0.0,3.749504
22.5,18.0,120.5,147,,12.0,1,0,0,0,4.9904327,9.1875,0.0,3.1135154
17.5,18.0,120.5,104,12.0,12.0,1,0,1,15,4.644391,6.5,0.75,2.862201
18.5,18.0,120.5,117,11.0,10.0,3,0,1,15,4.762174,7.3125,0.75,2.9177706
5.5,23.0,133.4,89,9.0,8.0,2,1,0,40,4.4886365,5.5625,2.0,1.704748
13.5,23.0,133.4,101,12.0,12.0,1,1,1,0,4.6151204,6.3125,0.0,2.6026897
17.5,23.0,133.4,121,14.0,12.0,3,1,1,0,4.7957907,7.5625,0.0,2.862201
19.5,23.0,133.4,120,14.0,12.0,1,0,1,10,4.787492,7.5,0.5,2.9704144
65.0,23.0,133.4,116,16.0,16.0,2,1,1,0,4.75359,7.25,0.0,4.1743875
11.5,23.0,133.4,112,11.0,10.0,5,1,1,0,4.7184987,7.0,0.0,2.442347
65.0,23.0,133.4,125,16.0,18.0,1,0,1,0,4.828314,7.8125,0.0,4.1743875
2.5,23.0,133.4,128,,12.0,1,0,0,0,4.8520303,8.0,0.0,0.91629076
65.0,23.0,133.4,114,16.0,16.0,2,1,1,0,4.7361984,7.125,0.0,4.1743875
10.5,23.0,133.4,104,12.0,9.0,1,0,1,20,4.644391,6.5,1.0,2.3513753
42.5,23.0,133.4,123,16.0,12.0,1,0,1,0,4.8121843,7.6875,0.0,3.749504
19.5,23.0,133.4,123,18.0,13.0,1,1,1,0,4.8121843,7.6875,0.0,2.9704144
5.5,23.0,133.4,164,9.0,12.0,3,0,1,0,5.0998664,10.25,0.0,1.704748
0.5,23.0,133.4,113,,9.0,1,1,1,0,4.727388,7.0625,0.0,-0.6931472
65.0,23.0,133.4,102,12.0,14.0,1,0,1,0,4.624973,6.375,0.0,4.1743875
47.5,23.0,133.4,113,12.0,12.0,1,0,1,0,4.727388,7.0625,0.0,3.8607297
14.5,23.0,133.4,99,8.0,12.0,1,0,1,0,4.59512,6.1875,0.0,2.6741486
27.5,23.0,133.4,127,17.0,18.0,1,0,1,0,4.8441873,7.9375,0.0,3.314186
22.5,23.0,133.4,132,9.0,12.0,1,1,0,20,4.882802,8.25,1.0,3.1135154
19.5,23.0,133.4,121,14.0,12.0,2,0,1,20,4.7957907,7.5625,1.0,2.9704144
15.5,23.0,133.4,91,12.0,11.0,1,0,1,0,4.5108595,5.6875,0.0,2.74084
0.5,23.0,133.4,109,11.0,8.0,1,1,1,10,4.691348,6.8125,0.5,-0.6931472
47.5,23.0,133.4,112,16.0,17.0,1,0,1,0,4.7184987,7.0,0.0,3.8607297
22.5,23.0,133.4,124,16.0,12.0,2,0,1,0,4.8202815,7.75,0.0,3.1135154
15.5,23.0,133.4,149,12.0,12.0,2,0,1,0,5.0039463,9.3125,0.0,2.74084
17.5,23.0,133.4,103,12.0,12.0,2,1,1,10,4.634729,6.4375,0.5,2.862201
47.5,23.0,133.4,120,18.0,15.0,1,0,1,0,4.787492,7.5,0.0,3.8607297
15.5,23.0,133.4,144,12.0,14.0,1,1,1,0,4.9698133,9.0,0.0,2.74084
18.5,27.0,145.0,116,14.0,17.0,1,1,1,0,4.75359,7.25,0.0,2.9177706
2.5,27.0,145.0,112,,14.0,1,0,1,10,4.7184987,7.0,0.5,0.91629076
18.5,27.0,145.0,128,12.0,12.0,2,0,1,0,4.8520303,8.0,0.0,2.9177706
27.5,27.0,145.0,137,12.0,12.0,1,0,1,0,4.919981,8.5625,0.0,3.314186
32.5,27.0,145.0,127,14.0,14.0,3,0,1,0,4.8441873,7.9375,0.0,3.48124
19.5,27.0,145.0,101,12.0,11.0,1,0,0,15,4.6151204,6.3125,0.75,2.9704144
32.5,27.0,145.0,92,14.0,13.0,2,1,1,15,4.5217886,5.75,0.75,3.48124
22.5,27.0,145.0,101,12.0,12.0,1,0,1,0,4.6151204,6.3125,0.0,3.1135154
19.5,18.0,122.8,121,10.0,10.0,1,0,1,0,4.7957907,7.5625,0.0,2.9704144
6.5,18.0,122.8,116,12.0,10.0,1,1,0,0,4.75359,7.25,0.0,1.8718022
27.5,18.0,122.8,127,16.0,12.0,3,0,1,0,4.8441873,7.9375,0.0,3.314186
10.5,18.0,122.8,133,12.0,12.0,1,0,1,0,4.890349,8.3125,0.0,2.3513753
47.5,18.0,122.8,128,16.0,13.0,2,1,1,0,4.8520303,8.0,0.0,3.8607297
19.5,18.0,122.8,123,17.0,14.0,1,0,1,0,4.8121843,7.6875,0.0,2.9704144
22.5,18.0,122.8,122,12.0,12.0,1,1,1,0,4.804021,7.625,0.0,3.1135154
15.5,18.0,122.8,113,,12.0,1,0,1,20,4.727388,7.0625,1.0,2.74084
8.5,18.0,122.8,128,12.0,9.0,5,1,1,0,4.8520303,8.0,0.0,2.1400661
19.5,18.0,122.8,139,8.0,12.0,1,0,0,5,4.934474,8.6875,0.25,2.9704144
1.5,18.0,122.8,141,12.0,12.0,1,1,1,0,4.94876,8.8125,0.0,0.4054651
14.5,18.0,122.8,121,8.0,9.0,1,0,1,6,4.7957907,7.5625,0.3,2.6741486
27.5,18.0,122.8,123,16.0,16.0,1,1,1,0,4.8121843,7.6875,0.0,3.314186
5.5,18.0,122.8,151,,7.0,4,1,1,20,5.0172796,9.4375,1.0,1.704748
5.5,18.0,122.8,119,,9.0,2,1,0,0,4.7791233,7.4375,0.0,1.704748
14.5,18.0,122.8,105,,12.0,1,1,1,0,4.65396,6.5625,0.0,2.6741486
32.5,18.0,122.8,133,14.0,12.0,2,0,0,0,4.890349,8.3125,0.0,3.48124
22.5,18.0,122.8,123,18.0,12.0,2,0,1,0,4.8121843,7.6875,0.0,3.1135154
22.5,18.0,122.8,111,12.0,12.0,2,1,1,0,4.7095304,6.9375,0.0,3.1135154
27.5,18.0,122.8,123,12.0,12.0,1,0,1,0,4.8121843,7.6875,0.0,3.314186
27.5,18.0,122.8,123,6.0,12.0,1,1,1,10,4.8121843,7.6875,0.5,3.314186
13.5,18.0,122.8,130,11.0,12.0,1,1,1,0,4.8675346,8.125,0.0,2.6026897
22.5,18.0,122.8,154,14.0,12.0,1,0,1,0,5.0369525,9.625,0.0,3.1135154
22.5,18.0,122.8,120,13.0,12.0,1,1,1,0,4.787492,7.5,0.0,3.1135154
65.0,18.0,122.8,90,13.0,14.0,2,0,1,0,4.4998097,5.625,0.0,4.1743875
19.5,18.0,122.8,114,10.0,12.0,1,0,1,0,4.7361984,7.125,0.0,2.9704144
37.5,18.0,122.8,123,16.0,13.0,1,0,1,0,4.8121843,7.6875,0.0,3.624341
32.5,18.0,122.8,123,16.0,12.0,2,1,1,0,4.8121843,7.6875,0.0,3.48124
11.5,18.0,122.8,136,,12.0,1,1,0,0,4.912655,8.5,0.0,2.442347
27.5,18.0,122.8,104,15.0,16.0,1,0,1,0,4.644391,6.5,0.0,3.314186
17.5,18.0,122.8,128,,13.0,2,0,0,20,4.8520303,8.0,1.0,2.862201
37.5,18.0,122.8,128,12.0,14.0,1,0,1,0,4.8520303,8.0,0.0,3.624341
10.5,18.0,122.8,160,9.0,9.0,2,1,1,0,5.075174,10.0,0.0,2.3513753
32.5,18.0,122.8,111,16.0,16.0,1,1,1,0,4.7095304,6.9375,0.0,3.48124
37.5,18.0,122.8,141,14.0,12.0,2,1,1,0,4.94876,8.8125,0.0,3.624341
32.5,18.0,122.8,122,8.0,9.0,1,0,1,0,4.804021,7.625,0.0,3.48124
37.5,18.0,122.8,98,12.0,16.0,1,0,1,0,4.5849676,6.125,0.0,3.624341
2.5,18.0,122.8,96,,12.0,2,1,0,10,4.564348,6.0,0.5,0.91629076
15.5,18.0,122.8,127,11.0,7.0,3,0,1,0,4.8441873,7.9375,0.0,2.74084
42.5,18.0,122.8,119,12.0,12.0,2,1,1,0,4.7791233,7.4375,0.0,3.749504
22.5,18.0,122.8,43,,9.0,1,1,0,0,3.7612002,2.6875,0.0,3.1135154
22.5,18.0,122.8,100,12.0,12.0,1,1,0,0,4.6051702,6.25,0.0,3.1135154
2.5,18.0,122.8,139,,11.0,1,0,1,0,4.934474,8.6875,0.0,0.91629076
32.5,18.0,122.8,128,11.0,12.0,1,1,1,0,4.8520303,8.0,0.0,3.48124
32.5,18.0,122.8,115,16.0,16.0,1,0,1,0,4.744932,7.1875,0.0,3.48124
18.5,18.0,122.8,121,,12.0,1,1,0,0,4.7957907,7.5625,0.0,2.9177706
27.5,18.0,122.8,134,,12.0,1,1,1,0,4.89784,8.375,0.0,3.314186
2.5,18.0,122.8,120,12.0,12.0,1,1,1,0,4.787492,7.5,0.0,0.91629076
6.5,18.0,122.8,104,12.0,12.0,1,1,1,20,4.644391,6.5,1.0,1.8718022
37.5,18.0,122.8,170,12.0,12.0,1,0,1,0,5.1357985,10.625,0.0,3.624341
65.0,18.0,122.8,132,12.0,14.0,2,1,1,0,4.882802,8.25,0.0,4.1743875
47.5,18.0,122.8,126,12.0,12.0,1,0,1,0,4.836282,7.875,0.0,3.8607297
42.5,18.0,122.8,142,18.0,14.0,4,0,1,0,4.955827,8.875,0.0,3.749504
27.5,18.0,122.8,103,12.0,12.0,2,0,1,0,4.634729,6.4375,0.0,3.314186
32.5,18.0,122.8,112,12.0,17.0,1,1,1,0,4.7184987,7.0,0.0,3.48124
42.5,18.0,122.8,117,12.0,14.0,1,0,1,20,4.762174,7.3125,1.0,3.749504
17.5,18.0,122.8,131,12.0,12.0,1,1,1,0,4.8751974,8.1875,0.0,2.862201
42.5,18.0,122.8,115,12.0,12.0,1,1,1,0,4.744932,7.1875,0.0,3.749504
19.5,18.0,122.8,118,12.0,12.0,1,0,1,10,4.7706847,7.375,0.5,2.9704144
32.5,18.0,122.8,106,12.0,12.0,4,1,1,0,4.6634393,6.625,0.0,3.48124
42.5,18.0,122.8,126,14.0,13.0,1,0,1,0,4.836282,7.875,0.0,3.749504
14.5,18.0,122.8,104,11.0,11.0,2,1,1,20,4.644391,6.5,1.0,2.6741486
15.5,18.0,122.8,143,15.0,16.0,4,1,1,0,4.962845,8.9375,0.0,2.74084
32.5,18.0,122.8,156,13.0,16.0,4,1,1,0,5.049856,9.75,0.0,3.48124
37.5,18.0,122.8,137,18.0,17.0,2,1,1,0,4.919981,8.5625,0.0,3.624341
6.5,18.0,122.8,126,12.0,12.0,2,1,1,0,4.836282,7.875,0.0,1.8718022
32.5,18.0,122.8,134,15.0,13.0,3,0,1,0,4.89784,8.375,0.0,3.48124
42.5,18.0,122.8,89,12.0,14.0,1,0,1,0,4.4886365,5.5625,0.0,3.749504
27.5,18.0,122.8,64,11.0,12.0,1,0,1,20,4.158883,4.0,1.0,3.314186
65.0,18.0,122.8,114,18.0,16.0,1,0,1,0,4.7361984,7.125,0.0,4.1743875
65.0,18.0,122.8,121,16.0,16.0,1,1,1,0,4.7957907,7.5625,0.0,4.1743875
27.5,18.0,122.8,109,12.0,12.0,1,0,1,0,4.691348,6.8125,0.0,3.314186
32.5,25.0,134.8,38,14.0,16.0,1,0,1,0,3.637586,2.375,0.0,3.48124
32.5,25.0,134.8,128,16.0,16.0,1,1,1,0,4.8520303,8.0,0.0,3.48124
37.5,25.0,134.8,132,11.0,16.0,2,1,1,0,4.882802,8.25,0.0,3.624341
18.5,25.0,134.8,143,,11.0,1,0,1,10,4.962845,8.9375,0.5,2.9177706
22.5,7.0,111.9,100,12.0,11.0,2,0,1,0,4.6051702,6.25,0.0,3.1135154
42.5,7.0,111.9,107,7.0,12.0,1,0,1,6,4.6728287,6.6875,0.3,3.749504
27.5,7.0,111.9,103,16.0,16.0,2,0,1,0,4.634729,6.4375,0.0,3.314186
37.5,7.0,111.9,157,12.0,14.0,1,1,1,0,5.056246,9.8125,0.0,3.624341
11.5,7.0,111.9,126,12.0,12.0,2,0,0,0,4.836282,7.875,0.0,2.442347
18.5,7.0,111.9,125,10.0,16.0,2,0,1,0,4.828314,7.8125,0.0,2.9177706
3.5,7.0,111.9,102,,11.0,1,0,0,0,4.624973,6.375,0.0,1.2527629
18.5,7.0,111.9,98,12.0,12.0,1,0,0,0,4.5849676,6.125,0.0,2.9177706
13.5,7.0,111.9,96,,13.0,2,1,0,0,4.564348,6.0,0.0,2.6026897
22.5,7.0,111.9,134,12.0,16.0,1,0,1,0,4.89784,8.375,0.0,3.1135154
65.0,23.0,130.1,94,18.0,17.0,2,0,1,0,4.543295,5.875,0.0,4.1743875
22.5,23.0,130.1,84,12.0,12.0,2,0,1,0,4.4308167,5.25,0.0,3.1135154
16.5,23.0,130.1,155,11.0,12.0,3,1,1,0,5.043425,9.6875,0.0,2.8033605
27.5,23.0,130.1,117,12.0,12.0,3,1,1,0,4.762174,7.3125,0.0,3.314186
42.5,23.0,130.1,169,16.0,14.0,2,1,1,0,5.1298985,10.5625,0.0,3.749504
3.5,23.0,130.1,105,,12.0,1,0,1,2,4.65396,6.5625,0.1,1.2527629
22.5,23.0,130.1,118,15.0,16.0,2,1,1,0,4.7706847,7.375,0.0,3.1135154
19.5,23.0,130.1,113,12.0,13.0,1,1,1,0,4.727388,7.0625,0.0,2.9704144
12.5,13.0,121.5,114,10.0,10.0,1,0,1,0,4.7361984,7.125,0.0,2.5257287
9.5,13.0,121.5,116,13.0,14.0,2,0,1,20,4.75359,7.25,1.0,2.2512918
4.5,13.0,121.5,79,,12.0,2,1,1,10,4.3694477,4.9375,0.5,1.5040774
27.5,13.0,121.5,109,16.0,14.0,1,1,1,0,4.691348,6.8125,0.0,3.314186
47.5,13.0,121.5,146,12.0,13.0,2,1,1,0,4.983607,9.125,0.0,3.8607297
22.5,13.0,121.5,116,14.0,16.0,1,0,1,0,4.75359,7.25,0.0,3.1135154
9.5,13.0,121.5,93,10.0,12.0,1,1,1,0,4.5325994,5.8125,0.0,2.2512918
65.0,13.0,121.5,108,14.0,13.0,2,1,1,0,4.6821313,6.75,0.0,4.1743875
7.5,13.0,121.5,115,,11.0,4,0,0,0,4.744932,7.1875,0.0,2.014903
65.0,13.0,121.5,115,12.0,2.0,1,0,1,0,4.744932,7.1875,0.0,4.1743875
4.5,13.0,121.5,119,,13.0,1,0,0,0,4.7791233,7.4375,0.0,1.5040774
27.5,13.0,121.5,128,16.0,13.0,1,0,1,0,4.8520303,8.0,0.0,3.314186
19.5,13.0,121.5,119,12.0,13.0,2,0,0,0,4.7791233,7.4375,0.0,2.9704144
6.5,13.0,121.5,102,,10.0,2,1,1,0,4.624973,6.375,0.0,1.8718022
16.5,13.0,121.5,130,10.0,12.0,1,0,1,0,4.8675346,8.125,0.0,2.8033605
65.0,13.0,121.5,140,14.0,13.0,2,1,1,0,4.9416423,8.75,0.0,4.1743875
22.5,13.0,121.5,107,12.0,14.0,1,1,1,0,4.6728287,6.6875,0.0,3.1135154
2.5,13.0,121.5,134,,12.0,3,1,0,0,4.89784,8.375,0.0,0.91629076
22.5,13.0,121.5,126,12.0,12.0,1,0,1,0,4.836282,7.875,0.0,3.1135154
32.5,13.0,121.5,143,17.0,12.0,2,0,1,0,4.962845,8.9375,0.0,3.48124
9.5,13.0,121.5,122,12.0,12.0,1,1,1,0,4.804021,7.625,0.0,2.2512918
16.5,13.0,121.5,112,6.0,8.0,1,0,1,0,4.7184987,7.0,0.0,2.8033605
32.5,13.0,121.5,151,16.0,16.0,1,1,1,0,5.0172796,9.4375,0.0,3.48124
17.5,13.0,121.5,127,12.0,8.0,3,1,1,0,4.8441873,7.9375,0.0,2.862201
6.5,13.0,121.5,158,12.0,9.0,3,0,0,0,5.062595,9.875,0.0,1.8718022
65.0,13.0,121.5,90,16.0,16.0,1,0,1,0,4.4998097,5.625,0.0,4.1743875
37.5,13.0,121.5,114,14.0,16.0,1,1,1,0,4.7361984,7.125,0.0,3.624341
17.5,26.0,137.0,143,16.0,9.0,2,0,1,4,4.962845,8.9375,0.2,2.862201
19.5,26.0,137.0,109,12.0,11.0,2,1,1,0,4.691348,6.8125,0.0,2.9704144
32.5,26.0,137.0,126,16.0,14.0,2,0,0,0,4.836282,7.875,0.0,3.48124
42.5,26.0,137.0,153,15.0,15.0,2,0,0,6,5.030438,9.5625,0.3,3.749504
32.5,26.0,137.0,123,14.0,12.0,3,0,1,0,4.8121843,7.6875,0.0,3.48124
18.5,26.0,137.0,72,12.0,12.0,1,0,1,0,4.276666,4.5,0.0,2.9177706
22.5,26.0,137.0,121,,12.0,1,1,1,10,4.7957907,7.5625,0.5,3.1135154
22.5,26.0,137.0,137,12.0,10.0,1,0,1,3,4.919981,8.5625,0.15,3.1135154
32.5,26.0,137.0,64,16.0,16.0,1,1,1,0,4.158883,4.0,0.0,3.48124
18.5,26.0,137.0,119,12.0,8.0,1,1,1,0,4.7791233,7.4375,0.0,2.9177706
12.5,26.0,137.0,137,12.0,10.0,1,0,1,0,4.919981,8.5625,0.0,2.5257287
9.5,26.0,137.0,98,2.0,10.0,1,0,1,0,4.5849676,6.125,0.0,2.2512918
22.5,26.0,137.0,126,13.0,14.0,1,1,1,0,4.836282,7.875,0.0,3.1135154
27.5,26.0,137.0,142,13.0,16.0,1,1,1,0,4.955827,8.875,0.0,3.314186
0.5,26.0,137.0,122,,12.0,4,0,0,0,4.804021,7.625,0.0,-0.6931472
22.5,26.0,137.0,112,6.0,9.0,2,0,1,0,4.7184987,7.0,0.0,3.1135154
6.5,26.0,137.0,142,,12.0,1,1,1,0,4.955827,8.875,0.0,1.8718022
65.0,26.0,137.0,108,16.0,18.0,1,0,1,0,4.6821313,6.75,0.0,4.1743875
19.5,26.0,137.0,128,17.0,16.0,3,1,1,0,4.8520303,8.0,0.0,2.9704144
27.5,26.0,137.0,124,16.0,18.0,2,0,0,0,4.8202815,7.75,0.0,3.314186
12.5,26.0,137.0,104,16.0,16.0,1,0,1,0,4.644391,6.5,0.0,2.5257287
42.5,26.0,137.0,118,15.0,15.0,2,1,1,0,4.7706847,7.375,0.0,3.749504
13.5,26.0,137.0,96,,12.0,1,1,0,0,4.564348,6.0,0.0,2.6026897
65.0,26.0,137.0,106,16.0,16.0,1,0,1,0,4.6634393,6.625,0.0,4.1743875
2.5,26.0,137.0,114,,9.0,3,1,0,0,4.7361984,7.125,0.0,0.91629076
65.0,26.0,137.0,142,16.0,16.0,1,0,1,0,4.955827,8.875,0.0,4.1743875
9.5,26.0,137.0,74,,12.0,1,0,0,0,4.304065,4.625,0.0,2.2512918
37.5,26.0,137.0,146,16.0,16.0,2,0,1,0,4.983607,9.125,0.0,3.624341
19.5,26.0,137.0,128,12.0,12.0,1,1,0,0,4.8520303,8.0,0.0,2.9704144
17.5,26.0,137.0,115,12.0,14.0,3,1,1,0,4.744932,7.1875,0.0,2.862201
9.5,26.0,137.0,139,12.0,12.0,2,0,0,0,4.934474,8.6875,0.0,2.2512918
65.0,26.0,137.0,143,14.0,12.0,1,1,1,0,4.962845,8.9375,0.0,4.1743875
65.0,26.0,137.0,125,18.0,18.0,2,0,1,0,4.828314,7.8125,0.0,4.1743875
14.5,26.0,137.0,120,12.0,8.0,1,0,1,5,4.787492,7.5,0.25,2.6741486
32.5,26.0,137.0,120,14.0,13.0,1,1,1,5,4.787492,7.5,0.25,3.48124
17.5,26.0,137.0,135,11.0,12.0,1,1,1,0,4.905275,8.4375,0.0,2.862201
2.5,26.0,137.0,91,,12.0,4,1,0,0,4.5108595,5.6875,0.0,0.91629076
18.5,26.0,137.0,117,13.0,10.0,1,0,1,0,4.762174,7.3125,0.0,2.9177706
22.5,26.0,137.0,119,12.0,13.0,2,0,1,0,4.7791233,7.4375,0.0,3.1135154
65.0,26.0,137.0,128,16.0,16.0,1,1,1,20,4.8520303,8.0,1.0,4.1743875
65.0,26.0,137.0,135,18.0,16.0,1,1,1,0,4.905275,8.4375,0.0,4.1743875
22.5,26.0,137.0,91,10.0,14.0,1,0,0,6,4.5108595,5.6875,0.3,3.1135154
0.5,26.0,137.0,108,11.0,12.0,2,1,1,0,4.6821313,6.75,0.0,-0.6931472
22.5,26.0,137.0,110,4.0,14.0,1,1,1,0,4.7004805,6.875,0.0,3.1135154
47.5,26.0,137.0,136,12.0,16.0,1,0,1,0,4.912655,8.5,0.0,3.8607297
65.0,26.0,137.0,126,18.0,15.0,1,1,1,0,4.836282,7.875,0.0,4.1743875
65.0,26.0,137.0,115,16.0,16.0,1,1,1,0,4.744932,7.1875,0.0,4.1743875
32.5,26.0,137.0,136,,15.0,4,1,1,0,4.912655,8.5,0.0,3.48124
65.0,26.0,137.0,116,16.0,14.0,2,1,1,0,4.75359,7.25,0.0,4.1743875
0.5,26.0,137.0,117,12.0,9.0,2,0,1,0,4.762174,7.3125,0.0,-0.6931472
65.0,26.0,137.0,152,16.0,14.0,1,1,1,0,5.0238805,9.5,0.0,4.1743875
42.5,26.0,137.0,124,16.0,16.0,2,1,1,0,4.8202815,7.75,0.0,3.749504
13.5,26.0,137.0,115,,12.0,1,1,1,0,4.744932,7.1875,0.0,2.6026897
22.5,26.0,137.0,134,12.0,14.0,1,0,1,0,4.89784,8.375,0.0,3.1135154
65.0,26.0,137.0,146,16.0,16.0,1,1,0,0,4.983607,9.125,0.0,4.1743875
16.5,26.0,137.0,125,8.0,8.0,1,0,1,0,4.828314,7.8125,0.0,2.8033605
9.5,26.0,137.0,89,14.0,12.0,1,0,1,20,4.4886365,5.5625,1.0,2.2512918
19.5,26.0,137.0,128,12.0,12.0,1,1,1,15,4.8520303,8.0,0.75,2.9704144
11.5,26.0,137.0,133,10.0,12.0,1,1,0,0,4.890349,8.3125,0.0,2.442347
8.5,26.0,137.0,112,,12.0,1,0,1,0,4.7184987,7.0,0.0,2.1400661
42.5,26.0,137.0,143,10.0,14.0,1,0,1,0,4.962845,8.9375,0.0,3.749504
27.5,26.0,137.0,157,14.0,13.0,2,0,1,0,5.056246,9.8125,0.0,3.314186
14.5,26.0,137.0,99,3.0,9.0,1,0,1,0,4.59512,6.1875,0.0,2.6741486
4.5,26.0,137.0,96,,12.0,4,0,1,8,4.564348,6.0,0.4,1.5040774
15.5,26.0,137.0,128,12.0,9.0,2,1,0,0,4.8520303,8.0,0.0,2.74084
27.5,26.0,137.0,122,12.0,13.0,1,1,0,0,4.804021,7.625,0.0,3.314186
65.0,26.0,137.0,119,16.0,14.0,1,1,1,0,4.7791233,7.4375,0.0,4.1743875
16.5,26.0,137.0,160,12.0,12.0,2,1,1,0,5.075174,10.0,0.0,2.8033605
37.5,26.0,137.0,108,16.0,16.0,1,0,1,0,4.6821313,6.75,0.0,3.624341
65.0,26.0,137.0,114,15.0,15.0,1,1,1,0,4.7361984,7.125,0.0,4.1743875
37.5,26.0,137.0,115,12.0,12.0,1,1,1,0,4.744932,7.1875,0.0,3.624341
7.5,26.0,137.0,131,12.0,12.0,1,0,0,0,4.8751974,8.1875,0.0,2.014903
22.5,26.0,137.0,118,12.0,12.0,2,1,1,0,4.7706847,7.375,0.0,3.1135154
47.5,26.0,137.0,149,14.0,16.0,3,1,1,0,5.0039463,9.3125,0.0,3.8607297
32.5,26.0,137.0,114,12.0,12.0,1,1,1,0,4.7361984,7.125,0.0,3.48124
4.5,26.0,137.0,133,12.0,10.0,1,1,1,5,4.890349,8.3125,0.25,1.5040774
32.5,26.0,137.0,112,1.0,9.0,3,0,1,0,4.7184987,7.0,0.0,3.48124
15.5,26.0,137.0,101,9.0,12.0,1,1,1,0,4.6151204,6.3125,0.0,2.74084
1.5,26.0,137.0,86,12.0,9.0,1,0,0,10,4.454347,5.375,0.5,0.4054651
65.0,26.0,137.0,125,15.0,14.0,1,1,1,0,4.828314,7.8125,0.0,4.1743875
37.5,26.0,137.0,135,16.0,12.0,1,0,1,0,4.905275,8.4375,0.0,3.624341
12.5,26.0,137.0,105,10.0,10.0,1,0,1,0,4.65396,6.5625,0.0,2.5257287
16.5,26.0,137.0,107,12.0,12.0,2,1,1,0,4.6728287,6.6875,0.0,2.8033605
47.5,26.0,137.0,97,16.0,16.0,3,0,1,0,4.574711,6.0625,0.0,3.8607297
0.5,26.0,137.0,158,,12.0,2,1,0,0,5.062595,9.875,0.0,-0.6931472
18.5,26.0,137.0,123,12.0,12.0,1,0,1,0,4.8121843,7.6875,0.0,2.9177706
32.5,26.0,137.0,110,18.0,16.0,3,1,0,0,4.7004805,6.875,0.0,3.48124
13.5,26.0,137.0,74,,16.0,1,1,0,0,4.304065,4.625,0.0,2.6026897
2.5,26.0,137.0,93,,12.0,1,0,1,0,4.5325994,5.8125,0.0,0.91629076
47.5,26.0,137.0,159,18.0,14.0,1,1,1,0,5.0689044,9.9375,0.0,3.8607297
32.5,26.0,137.0,114,12.0,14.0,1,0,0,0,4.7361984,7.125,0.0,3.48124
22.5,26.0,137.0,142,12.0,16.0,2,1,1,0,4.955827,8.875,0.0,3.1135154
65.0,26.0,137.0,139,14.0,12.0,1,1,1,0,4.934474,8.6875,0.0,4.1743875
9.5,26.0,137.0,132,12.0,9.0,5,1,1,0,4.882802,8.25,0.0,2.2512918
65.0,26.0,137.0,151,12.0,14.0,1,1,1,0,5.0172796,9.4375,0.0,4.1743875
8.5,26.0,137.0,111,12.0,12.0,2,1,1,15,4.7095304,6.9375,0.75,2.1400661
9.5,26.0,137.0,115,3.0,12.0,1,0,0,0,4.744932,7.1875,0.0,2.2512918
22.5,26.0,137.0,120,12.0,12.0,1,1,1,0,4.787492,7.5,0.0,3.1135154
22.5,26.0,137.0,155,12.0,12.0,1,1,1,0,5.043425,9.6875,0.0,3.1135154
65.0,26.0,137.0,131,18.0,12.0,1,0,1,12,4.8751974,8.1875,0.6,4.1743875
22.5,26.0,137.0,124,12.0,12.0,1,1,1,0,4.8202815,7.75,0.0,3.1135154
22.5,26.0,137.0,127,7.0,9.0,2,0,1,10,4.8441873,7.9375,0.5,3.1135154
10.5,26.0,137.0,125,12.0,12.0,1,0,1,0,4.828314,7.8125,0.0,2.3513753
2.5,26.0,137.0,106,,12.0,1,1,0,0,4.6634393,6.625,0.0,0.91629076
9.5,26.0,137.0,144,6.0,9.0,2,0,1,0,4.9698133,9.0,0.0,2.2512918
4.5,26.0,137.0,109,,12.0,3,1,0,0,4.691348,6.8125,0.0,1.5040774
0.5,26.0,137.0,121,,12.0,2,1,0,46,4.7957907,7.5625,2.3,-0.6931472
32.5,26.0,137.0,111,16.0,13.0,2,1,1,0,4.7095304,6.9375,0.0,3.48124
47.5,26.0,137.0,145,11.0,12.0,1,1,1,0,4.9767337,9.0625,0.0,3.8607297
5.5,26.0,137.0,131,,11.0,2,1,0,0,4.8751974,8.1875,0.0,1.704748
17.5,26.0,137.0,129,12.0,9.0,5,1,1,0,4.8598123,8.0625,0.0,2.862201
10.5,26.0,137.0,92,12.0,12.0,2,0,1,20,4.5217886,5.75,1.0,2.3513753
12.5,26.0,137.0,111,10.0,11.0,2,0,1,0,4.7095304,6.9375,0.0,2.5257287
9.5,26.0,137.0,91,11.0,12.0,2,0,1,0,4.5108595,5.6875,0.0,2.2512918
22.5,26.0,137.0,124,14.0,13.0,1,1,1,5,4.8202815,7.75,0.25,3.1135154
32.5,26.0,137.0,130,11.0,12.0,3,1,1,0,4.8675346,8.125,0.0,3.48124
22.5,26.0,137.0,137,12.0,16.0,1,0,1,0,4.919981,8.5625,0.0,3.1135154
8.5,26.0,137.0,128,11.0,10.0,1,1,1,0,4.8520303,8.0,0.0,2.1400661
1.5,26.0,137.0,133,,12.0,2,1,0,0,4.890349,8.3125,0.0,0.4054651
32.5,26.0,137.0,68,12.0,12.0,1,1,1,0,4.2195077,4.25,0.0,3.48124
15.5,26.0,137.0,97,16.0,16.0,1,1,1,0,4.574711,6.0625,0.0,2.74084
37.5,26.0,137.0,124,14.0,14.0,1,0,1,0,4.8202815,7.75,0.0,3.624341
47.5,26.0,137.0,129,18.0,16.0,2,1,1,0,4.8598123,8.0625,0.0,3.8607297
65.0,26.0,137.0,117,18.0,16.0,2,1,1,0,4.762174,7.3125,0.0,4.1743875
27.5,26.0,137.0,93,18.0,17.0,4,0,1,0,4.5325994,5.8125,0.0,3.314186
27.5,26.0,137.0,103,18.0,16.0,1,0,1,0,4.634729,6.4375,0.0,3.314186
65.0,26.0,137.0,134,16.0,16.0,2,0,1,0,4.89784,8.375,0.0,4.1743875
32.5,26.0,137.0,101,12.0,14.0,1,0,1,0,4.6151204,6.3125,0.0,3.48124
7.5,26.0,137.0,137,12.0,12.0,2,1,1,0,4.919981,8.5625,0.0,2.014903
4.5,26.0,137.0,153,,14.0,2,1,0,0,5.030438,9.5625,0.0,1.5040774
22.5,23.0,135.6,96,10.0,10.0,2,0,1,40,4.564348,6.0,2.0,3.1135154
8.5,23.0,135.6,103,12.0,13.0,1,1,1,0,4.634729,6.4375,0.0,2.1400661
6.5,23.0,135.6,112,15.0,17.0,4,1,1,0,4.7184987,7.0,0.0,1.8718022
27.5,23.0,135.6,108,17.0,16.0,1,0,1,0,4.6821313,6.75,0.0,3.314186
18.5,23.0,135.6,97,13.0,12.0,1,0,1,0,4.574711,6.0625,0.0,2.9177706
27.5,23.0,135.6,99,14.0,12.0,1,1,0,0,4.59512,6.1875,0.0,3.314186
27.5,23.0,135.6,130,12.0,16.0,4,0,1,0,4.8675346,8.125,0.0,3.314186
22.5,23.0,135.6,148,14.0,14.0,2,1,1,0,4.9972124,9.25,0.0,3.1135154
27.5,23.0,135.6,119,14.0,13.0,6,1,1,0,4.7791233,7.4375,0.0,3.314186
19.5,23.0,135.6,89,12.0,12.0,2,1,1,0,4.4886365,5.5625,0.0,2.9704144
27.5,23.0,135.6,128,12.0,15.0,1,1,1,0,4.8520303,8.0,0.0,3.314186
37.5,23.0,135.6,130,13.0,12.0,2,0,1,0,4.8675346,8.125,0.0,3.624341
6.5,23.0,135.6,120,,12.0,1,1,1,20,4.787492,7.5,1.0,1.8718022
32.5,23.0,135.6,146,13.0,16.0,5,0,1,0,4.983607,9.125,0.0,3.48124
15.5,23.0,135.6,102,12.0,12.0,1,1,1,0,4.624973,6.375,0.0,2.74084
27.5,23.0,135.6,132,12.0,12.0,2,0,1,0,4.882802,8.25,0.0,3.314186
42.5,23.0,135.6,90,9.0,9.0,3,1,1,12,4.4998097,5.625,0.6,3.749504
32.5,23.0,135.6,112,12.0,12.0,3,1,1,0,4.7184987,7.0,0.0,3.48124
47.5,23.0,135.6,119,14.0,12.0,6,1,1,0,4.7791233,7.4375,0.0,3.8607297
16.5,23.0,135.6,145,15.0,14.0,2,1,1,0,4.9767337,9.0625,0.0,2.8033605
42.5,23.0,135.6,125,15.0,14.0,3,1,1,0,4.828314,7.8125,0.0,3.749504
5.5,23.0,135.6,127,,10.0,1,0,1,0,4.8441873,7.9375,0.0,1.704748
22.5,23.0,135.6,134,13.0,13.0,1,1,1,0,4.89784,8.375,0.0,3.1135154
65.0,23.0,135.6,139,17.0,17.0,1,1,1,0,4.934474,8.6875,0.0,4.1743875
27.5,17.0,129.7,106,12.0,12.0,1,0,1,10,4.6634393,6.625,0.5,3.314186
42.5,17.0,129.7,69,18.0,16.0,4,0,1,0,4.2341065,4.3125,0.0,3.749504
32.5,17.0,129.7,114,13.0,14.0,1,0,1,0,4.7361984,7.125,0.0,3.48124
4.5,17.0,129.7,111,,12.0,1,1,1,20,4.7095304,6.9375,1.0,1.5040774
12.5,2.5,109.4,123,14.0,12.0,3,1,0,5,4.8121843,7.6875,0.25,2.5257287
65.0,2.5,109.4,172,16.0,16.0,4,0,1,0,5.1474943,10.75,0.0,4.1743875
65.0,2.5,109.4,128,18.0,16.0,2,0,1,0,4.8520303,8.0,0.0,4.1743875
22.5,2.5,109.4,138,10.0,12.0,1,0,1,0,4.9272537,8.625,0.0,3.1135154
32.5,2.5,109.4,77,12.0,14.0,1,0,0,0,4.3438053,4.8125,0.0,3.48124
65.0,2.5,109.4,137,16.0,16.0,1,0,1,0,4.919981,8.5625,0.0,4.1743875
65.0,2.5,109.4,93,,14.0,1,0,0,0,4.5325994,5.8125,0.0,4.1743875
8.5,2.5,109.4,160,12.0,13.0,1,1,1,0,5.075174,10.0,0.0,2.1400661
47.5,2.5,109.4,104,12.0,12.0,1,0,1,0,4.644391,6.5,0.0,3.8607297
3.5,2.5,109.4,115,,12.0,1,0,0,0,4.744932,7.1875,0.0,1.2527629
22.5,2.5,109.4,176,11.0,16.0,1,1,0,0,5.170484,11.0,0.0,3.1135154
65.0,2.5,109.4,87,16.0,18.0,2,0,1,0,4.465908,5.4375,0.0,4.1743875
27.5,2.5,109.4,90,,12.0,5,1,0,50,4.4998097,5.625,2.5,3.314186
65.0,2.5,109.4,116,10.0,12.0,1,1,0,0,4.75359,7.25,0.0,4.1743875
10.5,2.5,109.4,134,16.0,14.0,2,0,1,0,4.89784,8.375,0.0,2.3513753
65.0,2.5,109.4,86,18.0,18.0,2,0,0,0,4.454347,5.375,0.0,4.1743875
19.5,2.5,109.4,110,12.0,10.0,1,0,1,0,4.7004805,6.875,0.0,2.9704144
22.5,2.5,109.4,97,10.0,12.0,1,0,1,0,4.574711,6.0625,0.0,3.1135154
18.5,2.5,109.4,109,13.0,12.0,1,0,1,0,4.691348,6.8125,0.0,2.9177706
19.5,2.5,109.4,108,18.0,16.0,1,0,1,0,4.6821313,6.75,0.0,2.9704144
22.5,2.5,109.4,126,10.0,14.0,1,1,0,0,4.836282,7.875,0.0,3.1135154
16.5,2.5,109.4,100,11.0,12.0,3,0,0,0,4.6051702,6.25,0.0,2.8033605
65.0,2.5,109.4,137,12.0,14.0,1,0,1,0,4.919981,8.5625,0.0,4.1743875
65.0,2.5,109.4,115,18.0,18.0,1,0,1,0,4.744932,7.1875,0.0,4.1743875
22.5,2.5,109.4,128,11.0,13.0,1,0,1,20,4.8520303,8.0,1.0,3.1135154
32.5,2.5,109.4,131,16.0,12.0,3,1,0,0,4.8751974,8.1875,0.0,3.48124
42.5,2.5,109.4,130,12.0,11.0,1,0,1,0,4.8675346,8.125,0.0,3.749504
6.5,31.0,150.6,129,12.0,12.0,1,0,1,0,4.8598123,8.0625,0.0,1.8718022
27.5,31.0,150.6,114,12.0,12.0,1,0,1,0,4.7361984,7.125,0.0,3.314186
14.5,31.0,150.6,111,12.0,8.0,1,1,1,0,4.7095304,6.9375,0.0,2.6741486
32.5,31.0,150.6,192,12.0,14.0,2,1,1,0,5.2574954,12.0,0.0,3.48124
65.0,31.0,150.6,87,12.0,10.0,1,0,1,5,4.465908,5.4375,0.25,4.1743875
15.5,31.0,150.6,98,12.0,12.0,1,1,0,0,4.5849676,6.125,0.0,2.74084
22.5,31.0,150.6,115,11.0,13.0,2,1,1,15,4.744932,7.1875,0.75,3.1135154
32.5,31.0,150.6,151,13.0,12.0,1,1,1,0,5.0172796,9.4375,0.0,3.48124
6.5,31.0,150.6,96,,12.0,1,1,1,0,4.564348,6.0,0.0,1.8718022
15.5,31.0,150.6,54,16.0,12.0,1,1,1,0,3.988984,3.375,0.0,2.74084
27.5,31.0,150.6,110,13.0,13.0,2,0,1,0,4.7004805,6.875,0.0,3.314186
17.5,31.0,150.6,125,2.0,5.0,4,1,1,0,4.828314,7.8125,0.0,2.862201
37.5,31.0,150.6,108,12.0,14.0,1,1,1,0,4.6821313,6.75,0.0,3.624341
22.5,31.0,150.6,112,10.0,12.0,1,1,1,10,4.7184987,7.0,0.5,3.1135154
4.5,31.0,150.6,128,,11.0,1,0,1,9,4.8520303,8.0,0.45,1.5040774
18.5,31.0,150.6,131,18.0,16.0,1,0,1,0,4.8751974,8.1875,0.0,2.9177706
22.5,17.0,131.2,87,12.0,16.0,2,1,1,0,4.465908,5.4375,0.0,3.1135154
37.5,30.0,138.3,125,16.0,12.0,1,1,1,0,4.828314,7.8125,0.0,3.624341
5.5,30.0,138.3,104,10.0,10.0,2,1,1,15,4.644391,6.5,0.75,1.704748
16.5,30.0,138.3,149,12.0,12.0,3,1,0,0,5.0039463,9.3125,0.0,2.8033605
17.5,30.0,138.3,166,14.0,14.0,1,1,1,0,5.1119876,10.375,0.0,2.862201
6.5,30.0,138.3,113,,12.0,2,0,0,0,4.727388,7.0625,0.0,1.8718022
6.5,30.0,138.3,139,12.0,12.0,2,1,0,0,4.934474,8.6875,0.0,1.8718022
32.5,30.0,138.3,102,12.0,16.0,1,0,1,0,4.624973,6.375,0.0,3.48124
22.5,30.0,138.3,139,12.0,12.0,1,1,1,0,4.934474,8.6875,0.0,3.1135154
15.5,30.0,138.3,119,11.0,13.0,2,0,1,0,4.7791233,7.4375,0.0,2.74084
6.5,30.0,138.3,91,,11.0,2,0,0,10,4.5108595,5.6875,0.5,1.8718022
27.5,30.0,138.3,153,16.0,13.0,4,0,1,0,5.030438,9.5625,0.0,3.314186
42.5,30.0,138.3,87,15.0,14.0,2,1,0,0,4.465908,5.4375,0.0,3.749504
9.5,30.0,138.3,80,,12.0,1,1,1,15,4.3820267,5.0,0.75,2.2512918
32.5,30.0,138.3,124,10.0,11.0,2,1,1,20,4.8202815,7.75,1.0,3.48124
22.5,30.0,138.3,149,17.0,18.0,2,1,1,0,5.0039463,9.3125,0.0,3.1135154
4.5,30.0,138.3,135,13.0,14.0,1,1,1,0,4.905275,8.4375,0.0,1.5040774
27.5,30.0,138.3,132,12.0,12.0,1,1,0,0,4.882802,8.25,0.0,3.314186
37.5,30.0,138.3,142,12.0,12.0,1,1,1,0,4.955827,8.875,0.0,3.624341
8.5,30.0,138.3,130,,12.0,3,0,1,0,4.8675346,8.125,0.0,2.1400661
27.5,30.0,138.3,123,10.0,12.0,1,1,1,0,4.8121843,7.6875,0.0,3.314186
47.5,30.0,138.3,126,12.0,12.0,1,1,1,0,4.836282,7.875,0.0,3.8607297
32.5,30.0,138.3,116,13.0,16.0,1,1,1,0,4.75359,7.25,0.0,3.48124
27.5,30.0,138.3,116,12.0,12.0,6,0,1,0,4.75359,7.25,0.0,3.314186
6.5,30.0,138.3,99,,9.0,2,0,0,0,4.59512,6.1875,0.0,1.8718022
12.5,30.0,138.3,119,12.0,12.0,3,0,1,3,4.7791233,7.4375,0.15,2.5257287
32.5,30.0,138.3,122,14.0,15.0,1,0,1,0,4.804021,7.625,0.0,3.48124
5.5,30.0,138.3,115,,11.0,2,0,0,10,4.744932,7.1875,0.5,1.704748
22.5,30.0,138.3,111,16.0,14.0,3,0,1,0,4.7095304,6.9375,0.0,3.1135154
10.5,30.0,138.3,108,,12.0,1,1,1,0,4.6821313,6.75,0.0,2.3513753
32.5,30.0,138.3,140,16.0,13.0,1,1,1,0,4.9416423,8.75,0.0,3.48124
32.5,30.0,138.3,119,18.0,16.0,2,0,1,0,4.7791233,7.4375,0.0,3.48124
27.5,30.0,138.3,134,14.0,16.0,2,1,0,0,4.89784,8.375,0.0,3.314186
12.5,30.0,138.3,130,16.0,14.0,1,1,1,15,4.8675346,8.125,0.75,2.5257287
8.5,30.0,138.3,107,,12.0,5,0,1,0,4.6728287,6.6875,0.0,2.1400661
42.5,30.0,138.3,147,14.0,15.0,1,0,1,0,4.9904327,9.1875,0.0,3.749504
4.5,30.0,138.3,109,,16.0,1,1,1,0,4.691348,6.8125,0.0,1.5040774
37.5,30.0,138.3,114,12.0,14.0,1,1,1,0,4.7361984,7.125,0.0,3.624341
18.5,30.0,138.3,118,12.0,12.0,1,1,1,0,4.7706847,7.375,0.0,2.9177706
42.5,30.0,138.3,110,16.0,16.0,1,0,1,0,4.7004805,6.875,0.0,3.749504
42.5,30.0,138.3,127,12.0,12.0,1,0,1,0,4.8441873,7.9375,0.0,3.749504
17.5,30.0,138.3,102,11.0,10.0,2,1,1,20,4.624973,6.375,1.0,2.862201
47.5,30.0,138.3,158,18.0,17.0,3,1,1,0,5.062595,9.875,0.0,3.8607297
22.5,30.0,138.3,113,15.0,16.0,1,0,1,0,4.727388,7.0625,0.0,3.1135154
15.5,30.0,138.3,121,12.0,12.0,1,1,1,0,4.7957907,7.5625,0.0,2.74084
1.5,30.0,138.3,130,10.0,11.0,3,0,0,0,4.8675346,8.125,0.0,0.4054651
5.5,30.0,138.3,85,,12.0,1,1,0,0,4.4426513,5.3125,0.0,1.704748
12.5,30.0,138.3,87,14.0,12.0,1,1,1,0,4.465908,5.4375,0.0,2.5257287
22.5,30.0,138.3,135,16.0,16.0,3,0,1,0,4.905275,8.4375,0.0,3.1135154
27.5,30.0,138.3,110,12.0,12.0,4,1,1,0,4.7004805,6.875,0.0,3.314186
5.5,30.0,138.3,146,,16.0,2,1,1,0,4.983607,9.125,0.0,1.704748
65.0,8.0,118.6,135,18.0,16.0,2,0,1,0,4.905275,8.4375,0.0,4.1743875
27.5,8.0,118.6,118,,14.0,2,0,1,0,4.7706847,7.375,0.0,3.314186
37.5,8.0,118.6,111,16.0,13.0,2,0,1,0,4.7095304,6.9375,0.0,3.624341
