year,wage,belavg,abavg,avg,exper,looks,union,goodhealth,black,female,marries,south,bigcity,smllcity,service,edu
1977,5.73,0,1,0,30,4,0,1,0,1,1,0,0,1,1,14
1977,4.28,0,0,1,28,3,0,1,0,1,1,1,0,1,0,12
1977,7.96,0,1,0,35,4,0,1,0,1,0,0,0,1,0,10
1977,11.57,0,0,1,38,3,0,1,0,0,1,0,1,0,1,16
1977,11.42,0,0,1,27,3,0,1,0,0,1,0,0,1,0,16
1977,3.91,0,0,1,20,3,0,0,0,1,1,0,1,0,0,12
1977,8.76,0,0,1,12,3,0,1,0,0,1,0,1,0,0,16
1977,7.69,0,1,0,5,4,1,1,0,0,0,0,0,1,0,16
1977,5,0,0,1,5,3,0,1,0,1,0,0,0,0,0,16
1977,3.89,0,0,1,12,3,0,1,0,1,0,0,0,1,0,12
1977,3.45,0,1,0,3,4,0,1,0,1,0,0,1,0,0,12
1977,4.03,0,1,0,6,4,0,1,0,0,1,0,0,1,0,16
1977,5.14,1,0,0,19,2,0,1,0,0,1,0,0,1,1,17
1977,3,0,0,1,8,3,0,1,0,0,0,0,0,1,1,16
1977,7.99,0,1,0,12,4,0,1,0,0,1,0,0,0,0,16
1977,6.01,0,1,0,17,4,0,1,0,0,1,0,0,1,0,16
1977,5.16,0,0,1,7,3,0,1,0,0,1,0,0,0,0,17
1977,11.54,0,1,0,12,4,0,1,0,0,1,1,0,1,1,17
1977,10.44,0,1,0,10,4,0,1,0,1,0,0,1,0,0,17
1977,7.69,0,0,1,7,3,0,1,0,1,1,0,0,0,1,16
1977,7.69,0,1,0,7,4,1,1,0,0,0,0,0,1,0,17
1977,6.79,0,0,1,19,3,0,1,0,0,1,0,0,1,1,14
1977,6.87,0,0,1,33,3,0,1,0,0,1,0,1,0,1,12
1977,17.03,0,0,1,32,3,0,1,0,0,1,0,1,0,0,13
1977,10.05,0,1,0,12,4,0,1,0,0,1,0,1,0,0,13
1977,15.81,0,1,0,24,4,0,1,0,0,1,1,0,1,1,17
1977,14.84,0,1,0,29,5,0,1,0,0,0,1,1,0,1,13
1977,19.08,0,1,0,17,5,0,1,0,0,0,0,1,0,0,17
1977,8.35,1,0,0,41,1,0,0,0,0,1,1,1,0,1,16
1977,9.62,0,0,1,40,3,0,0,0,0,1,0,0,1,0,16
1977,5.96,0,0,1,10,3,0,1,0,0,1,0,0,1,0,14
1977,5.73,0,0,1,43,3,0,0,0,0,1,0,0,1,0,10
1977,6.73,0,1,0,41,4,0,1,0,0,1,0,0,1,0,10
1977,8.17,1,0,0,18,2,0,1,0,0,1,0,0,1,0,16
1977,12.39,0,1,0,28,4,0,1,0,0,1,0,1,0,0,12
1977,9.62,1,0,0,37,2,0,1,0,0,1,0,1,0,0,13
1977,4.83,0,1,0,20,4,0,1,1,0,1,0,0,1,0,16
1977,7.69,1,0,0,10,2,1,1,0,0,1,0,0,1,0,13
1977,12.5,0,0,1,31,3,0,1,0,0,1,1,0,1,0,16
1977,2.82,0,0,1,18,3,0,1,0,0,1,0,0,0,1,12
1977,12.31,0,0,1,9,3,1,1,0,0,0,0,1,0,0,17
1977,13.22,0,0,1,42,3,0,1,0,0,1,0,1,0,0,16
1977,16.83,0,1,0,14,4,0,1,0,0,1,1,1,0,0,16
1977,11.54,0,0,1,27,3,0,1,0,0,1,0,1,0,0,16
1977,4.95,0,0,1,20,3,0,1,1,1,0,1,1,0,1,14
1977,7.21,0,0,1,14,3,0,1,0,0,1,0,1,0,0,17
1977,11.58,0,0,1,4,3,0,1,0,0,1,0,1,0,0,17
1977,15.38,0,0,1,13,3,0,1,0,0,1,0,1,0,0,17
1977,6.1,0,0,1,5,3,0,1,0,0,1,0,0,1,1,17
1977,7.93,0,0,1,32,3,0,1,0,0,1,0,1,0,1,17
1977,9.16,0,1,0,19,4,1,1,0,1,1,0,1,0,1,17
1977,6.91,0,1,0,14,4,0,1,0,1,0,1,1,0,1,17
1977,20.18,0,0,1,28,3,0,1,0,0,1,0,1,0,1,17
1977,9.93,0,0,1,31,3,1,1,0,0,1,1,0,1,0,17
1977,7.79,0,1,0,18,4,0,1,0,0,1,0,0,1,0,13
1977,5.13,0,0,1,23,3,0,1,0,0,1,0,0,0,1,5
1977,10.99,0,1,0,14,4,0,1,0,0,1,1,0,1,0,16
1977,6.56,1,0,0,17,2,0,1,0,0,1,0,0,1,0,13
1977,10.1,0,0,1,16,3,0,1,0,0,1,0,1,0,0,13
1977,10.74,0,0,1,19,3,0,1,0,0,1,0,0,0,0,16
1977,16.35,0,0,1,26,3,0,1,0,0,1,0,1,0,0,17
1977,4.62,0,1,0,20,4,0,1,0,1,1,1,0,1,1,12
1977,7.49,0,0,1,18,3,0,1,0,0,1,0,0,0,0,17
1977,19.23,0,0,1,35,3,0,1,0,0,1,0,1,0,0,17
1977,4.77,0,1,0,9,4,0,1,0,1,0,1,0,1,1,17
1977,7.14,1,0,0,20,2,0,1,0,1,0,0,1,0,1,17
1977,14.42,0,1,0,7,4,0,1,0,0,1,1,0,0,1,17
1977,9.28,0,1,0,40,4,0,1,0,0,0,1,0,0,1,17
1977,29.98,0,0,1,12,3,0,1,0,0,1,0,0,1,1,17
1977,32.79,0,1,0,33,4,0,1,0,0,1,0,0,1,1,16
1977,9.62,0,0,1,16,3,0,1,0,0,1,0,0,1,0,16
1977,8.36,0,0,1,15,3,0,1,0,1,1,0,1,0,0,16
1977,21.63,0,0,1,11,3,0,1,0,0,1,0,0,1,1,17
1977,15.9,0,1,0,24,4,0,1,0,0,1,0,0,1,1,17
1977,5.77,1,0,0,6,2,0,1,0,0,1,1,1,0,1,17
1977,20.99,1,0,0,40,2,0,1,0,0,1,1,1,0,1,17
1977,23.32,0,1,0,15,5,0,1,0,0,1,1,0,0,1,17
1977,4.97,0,1,0,9,4,0,1,0,0,1,0,0,1,1,17
1977,6.89,1,0,0,16,2,0,1,0,0,1,1,0,0,0,17
1977,5.73,1,0,0,12,2,0,1,0,1,0,1,1,0,1,13
1977,5.19,0,0,1,8,3,0,1,0,0,1,0,0,1,1,17
1977,7.79,0,0,1,25,3,1,1,0,1,0,0,0,1,1,17
1977,8.79,0,0,1,24,3,1,1,0,1,1,0,0,0,1,16
1977,9.32,0,1,0,25,4,1,1,0,1,0,1,0,1,0,17
1977,8.33,0,1,0,7,4,0,1,0,1,0,1,1,0,1,17
1977,10.12,0,0,1,40,3,0,1,1,1,0,0,0,1,1,10
1977,1.98,0,0,1,29,3,0,0,0,1,0,0,0,0,1,8
1977,8.24,0,1,0,13,4,0,1,0,1,1,0,1,0,1,17
1977,5.05,0,1,0,5,4,0,1,0,1,0,0,0,0,1,14
1977,6.55,0,0,1,10,3,0,1,0,1,1,0,0,0,0,16
1977,4.47,0,0,1,25,3,1,1,0,0,1,0,0,0,1,13
1977,7.96,0,0,1,10,3,0,1,0,1,1,0,1,0,1,16
1977,6.25,1,0,0,20,2,0,1,0,0,0,0,0,0,1,17
1977,4.13,0,0,1,7,3,0,1,0,0,0,0,0,0,0,16
1977,6.73,1,0,0,25,2,0,1,0,1,1,1,0,0,1,13
1977,7.69,0,0,1,8,3,0,1,0,1,0,0,0,1,1,17
1977,4.35,1,0,0,8,2,0,1,0,1,1,0,0,1,1,14
1977,7.69,0,0,1,28,3,0,1,0,0,1,0,0,1,0,14
1977,4.81,1,0,0,37,2,0,1,0,0,1,1,0,1,1,16
1977,5.24,0,0,1,31,3,0,1,0,0,1,0,0,0,1,17
1977,2.14,0,1,0,24,4,0,1,0,0,1,0,0,0,1,16
1977,4.49,0,1,0,33,4,0,1,0,0,1,0,0,0,1,17
1977,3.61,0,1,0,8,4,0,1,0,0,1,0,0,1,1,17
1977,5.45,0,0,1,33,3,0,1,0,0,1,0,0,1,1,17
1977,5,0,0,1,30,3,0,1,0,0,1,0,0,0,1,17
1977,6.73,0,0,1,23,3,0,1,0,0,1,0,0,1,1,17
1977,10.05,0,0,1,24,3,0,1,0,0,1,0,0,0,0,16
1977,6.54,0,1,0,4,4,0,1,0,0,1,0,0,1,0,17
1977,9.2,0,0,1,40,3,0,1,0,1,0,0,0,0,1,17
1977,4.62,0,0,1,1,3,0,1,0,1,0,0,0,1,1,16
1977,3.37,0,0,1,36,3,0,1,1,1,0,0,1,0,1,13
1977,5.54,0,1,0,7,4,0,1,0,1,0,0,0,1,1,17
1977,6.11,0,1,0,7,5,0,1,0,1,1,0,0,0,0,12
1977,4.99,0,0,1,14,3,0,1,0,1,0,0,0,1,1,13
1977,5.88,0,0,1,7,3,0,1,0,1,1,0,0,1,1,17
1977,5.66,0,1,0,11,4,1,1,0,1,0,1,0,1,1,16
1977,4,0,0,1,6,3,0,1,0,0,1,0,0,1,1,16
1977,6.87,0,0,1,23,3,0,1,0,1,1,0,0,0,1,16
1977,4.37,1,0,0,19,2,0,1,0,1,0,0,0,0,1,17
1977,5.77,0,0,1,30,3,0,1,0,0,1,1,0,1,0,13
1977,5.77,0,1,0,21,4,0,1,0,0,1,1,0,0,1,17
1977,12.31,0,1,0,9,4,0,1,0,0,1,0,1,0,1,17
1977,19.08,0,0,1,29,3,1,1,0,0,1,1,0,1,1,17
1977,7.55,0,0,1,9,3,0,1,0,1,0,0,0,0,1,17
1977,5.9,0,1,0,18,4,0,1,0,1,0,0,0,0,1,17
1977,6.37,0,0,1,26,3,0,1,0,1,0,1,0,0,1,17
1977,6.15,0,1,0,21,4,1,1,0,0,1,0,0,0,1,17
1977,1.92,1,0,0,12,2,1,1,0,1,1,1,0,1,1,17
1977,3.27,0,0,1,11,3,0,1,0,0,0,0,0,1,1,17
1977,2.18,0,1,0,18,4,0,1,0,0,0,0,0,1,1,17
1977,5.62,0,0,1,22,3,0,1,0,0,1,0,0,1,1,17
1977,9.29,0,1,0,38,4,0,1,0,1,0,0,0,0,1,17
1977,6.41,0,0,1,10,3,1,1,0,1,1,0,0,1,1,17
1977,7.46,0,0,1,22,3,1,1,0,1,1,0,0,1,1,16
1977,6.59,1,0,0,16,2,1,1,0,1,0,0,1,0,1,17
1977,6.73,1,0,0,20,2,1,1,0,1,1,1,0,1,1,17
1977,5.61,0,0,1,14,3,1,1,0,1,1,1,0,1,1,16
1977,3.65,0,1,0,14,4,0,1,0,1,1,0,1,0,1,16
1977,13.01,0,1,0,15,4,1,1,0,0,1,0,1,0,1,17
1977,6.97,0,0,1,18,3,1,1,0,0,0,0,0,0,1,17
1977,7.69,0,0,1,21,3,1,1,0,1,1,1,0,1,1,17
1977,6.73,0,0,1,15,3,0,1,0,0,1,1,0,1,1,16
1977,5.13,0,0,1,10,3,1,1,0,1,0,0,0,0,1,17
1977,2.14,0,1,0,6,4,0,1,0,1,1,0,0,1,1,16
1977,4.53,1,0,0,8,2,1,1,0,1,1,0,0,1,1,14
1977,9.1,1,0,0,18,2,0,1,0,1,0,1,1,0,1,17
1977,9.78,0,0,1,15,3,1,1,0,1,0,0,0,1,1,17
1977,3.63,0,1,0,11,4,0,1,0,1,1,0,1,0,1,13
1977,7.21,0,0,1,20,3,1,0,1,1,1,0,1,0,1,17
1977,10.62,0,0,1,18,3,1,1,0,1,1,0,0,1,1,17
1977,4.62,0,0,1,10,3,1,1,0,1,1,0,0,1,1,17
1977,6.54,0,0,1,26,3,1,1,0,1,0,1,0,0,1,14
1977,12.12,0,0,1,35,3,1,0,0,1,0,0,1,0,1,17
1977,7.21,0,1,0,30,4,1,1,0,1,1,0,0,1,1,16
1977,6.25,0,1,0,6,4,1,0,0,1,0,0,0,1,1,16
1977,3.85,0,0,1,13,3,1,1,0,1,1,0,0,1,1,17
1977,3.03,0,0,1,10,3,0,0,0,1,1,0,0,1,1,16
1977,2.01,0,0,1,16,3,0,1,0,1,1,0,1,0,1,16
1977,3.9,0,1,0,5,4,1,1,0,1,1,0,0,0,1,17
1977,6.35,0,0,1,11,3,1,1,0,1,0,0,1,0,1,17
1977,2,0,1,0,6,4,0,1,0,1,1,0,0,0,1,14
1977,7.69,0,0,1,22,3,1,1,0,0,1,1,0,1,1,17
1977,2.63,0,0,1,4,3,0,1,0,1,0,0,1,0,1,12
1977,5,0,1,0,15,4,1,1,0,1,1,1,1,0,1,17
1977,6.54,0,0,1,7,3,0,1,0,1,0,0,1,0,1,17
1977,5.19,0,0,1,10,3,0,1,0,1,1,0,0,1,1,16
1977,9.75,0,0,1,8,3,1,1,0,1,1,0,1,0,1,16
1977,2.81,0,0,1,14,3,0,1,1,1,1,0,1,0,0,13
1977,4.62,0,0,1,11,3,1,1,0,0,1,0,0,1,1,17
1977,7.33,0,0,1,34,3,1,1,0,0,1,0,0,1,1,17
1977,7.69,0,1,0,12,4,1,1,0,0,1,0,0,0,1,17
1977,3.26,0,0,1,10,3,1,1,0,0,1,0,0,0,1,17
1977,5.77,1,0,0,11,2,0,1,0,1,0,0,0,1,1,17
1977,5.59,0,1,0,8,4,1,1,0,0,0,0,0,1,1,17
1977,5.13,0,0,1,28,3,0,1,1,0,0,0,0,0,1,16
1977,14.74,1,0,0,24,2,1,1,0,0,1,0,1,0,1,17
1977,3.67,0,0,1,8,3,1,1,0,1,0,0,0,0,1,17
1977,9.73,0,1,0,13,4,0,1,0,0,1,0,0,0,1,17
1977,3.46,0,0,1,4,3,1,1,0,0,1,0,0,0,1,13
1977,6.37,0,1,0,43,4,1,1,0,0,1,0,0,1,1,17
1977,6.58,0,0,1,30,3,0,1,0,1,1,0,0,1,1,16
1977,10.15,0,0,1,16,3,1,1,1,0,0,0,1,0,1,16
1977,9.23,0,0,1,19,3,1,1,0,0,1,1,0,0,1,17
1977,6.75,0,0,1,21,3,0,0,0,0,1,1,0,1,1,17
1977,10.22,0,0,1,26,3,0,1,0,1,0,0,1,0,1,17
1977,4.76,0,0,1,8,3,1,1,0,0,1,0,0,1,1,16
1977,1.76,0,0,1,24,3,0,1,0,1,0,0,1,0,1,17
1977,12.73,0,1,0,15,4,1,1,0,0,1,0,0,1,1,17
1977,5.85,0,0,1,26,3,1,1,0,0,1,0,0,0,0,12
1977,3.17,0,0,1,6,3,0,0,0,0,1,0,0,0,0,16
1977,5.99,1,0,0,19,2,0,1,0,0,1,0,0,1,0,12
1977,4.62,0,0,1,4,3,0,1,0,0,1,0,1,0,0,12
1977,1.8,0,1,0,23,4,0,1,0,0,1,1,0,0,1,13
1977,5.95,0,1,0,25,4,0,1,0,0,1,0,0,1,1,13
1977,7.46,0,0,1,18,3,0,1,0,0,1,0,1,0,0,12
1977,8.7,1,0,0,27,2,0,1,0,0,1,0,0,1,0,13
1977,3.75,0,0,1,16,3,0,1,0,0,1,0,0,0,0,10
1977,7.69,0,0,1,20,3,0,1,0,0,1,0,0,1,1,12
1977,5.24,0,0,1,12,3,0,0,0,0,1,0,0,0,0,14
1977,10.1,0,1,0,35,4,0,1,0,0,1,0,1,0,0,12
1977,3.75,1,0,0,36,1,0,1,0,0,0,0,0,1,0,12
1977,5.79,0,0,1,35,3,0,1,0,0,1,0,0,1,0,13
1977,5.06,0,0,1,5,3,0,1,0,0,1,0,0,1,1,17
1977,7.96,0,1,0,15,4,1,1,0,0,1,0,0,1,0,13
1977,12.82,0,0,1,44,3,1,1,0,0,1,0,1,0,0,12
1977,8.46,0,0,1,28,3,0,1,0,0,1,1,0,1,0,13
1977,3.76,0,1,0,2,4,1,1,0,1,0,1,1,0,1,13
1977,2.86,0,0,1,43,3,0,1,0,0,1,0,0,1,1,12
1977,11.81,0,0,1,30,3,1,1,0,0,1,0,1,0,0,10
1977,7.69,0,0,1,26,3,0,1,0,0,1,0,0,1,0,12
1977,7.21,0,0,1,40,3,1,0,0,0,1,0,1,0,0,12
1977,2.88,0,1,0,7,4,0,1,1,1,0,0,0,1,1,13
1977,5.73,0,0,1,10,3,1,1,0,1,0,1,0,1,0,12
1977,4.49,1,0,0,37,2,0,1,0,0,1,0,0,0,1,12
1977,9.57,0,1,0,27,4,1,1,0,0,1,0,0,1,1,17
1977,3.61,0,0,1,5,3,0,1,0,0,1,0,1,0,1,17
1977,7.77,1,0,0,14,2,0,1,0,0,1,0,0,0,0,13
1977,9.23,1,0,0,16,2,0,1,0,0,0,0,1,0,0,16
1977,5.58,0,0,1,4,3,0,1,0,0,1,0,0,1,0,17
1977,5.34,0,0,1,39,3,0,1,0,0,1,0,1,0,1,16
1977,5.17,0,0,1,32,3,1,1,0,0,1,1,0,1,1,12
1977,6.41,0,1,0,16,4,0,1,0,0,1,1,0,0,1,17
1977,7.4,0,1,0,10,4,0,1,0,1,0,0,0,1,1,17
1977,6.75,0,1,0,15,4,0,1,0,0,1,0,0,1,0,17
1977,8.46,0,1,0,10,4,0,1,0,0,1,1,0,1,1,17
1977,4.61,0,0,1,10,3,0,1,0,1,0,0,0,0,0,13
1977,8.61,0,0,1,12,3,0,0,0,1,1,1,0,1,0,12
1977,5.24,0,1,0,4,4,0,1,0,0,0,0,0,0,0,16
1977,15.38,0,0,1,12,3,0,1,0,0,0,1,1,0,0,17
1977,2.37,0,1,0,15,4,0,1,0,1,1,0,0,1,0,12
1977,6.72,0,1,0,37,4,0,1,0,1,0,1,1,0,0,12
1977,9.4,0,1,0,23,4,0,1,0,0,1,0,0,1,0,14
1977,7.84,0,0,1,15,3,0,1,0,0,1,0,0,1,0,16
1977,15,0,1,0,10,4,0,1,0,0,0,0,1,0,0,17
1977,4.7,0,1,0,14,4,0,1,0,1,1,0,0,1,0,12
1977,11.28,0,0,1,17,3,0,1,0,0,0,1,1,0,0,13
1977,11.97,0,0,1,24,3,0,1,0,0,1,0,0,1,0,16
1977,13.99,0,1,0,13,4,0,1,0,0,1,1,0,0,0,17
1977,3,0,0,1,5,3,0,1,0,1,1,1,0,1,0,13
1977,3.41,0,0,1,20,3,0,1,0,1,1,0,0,1,0,12
1977,9.62,0,1,0,29,4,0,1,0,0,1,0,0,1,0,14
1977,6.73,0,1,0,10,4,0,1,0,0,0,0,1,0,0,16
1977,9.62,0,0,1,36,3,0,1,0,0,1,1,1,0,1,13
1977,5.19,0,0,1,15,3,0,1,0,1,1,0,0,0,1,13
1977,4.62,0,0,1,26,3,0,1,0,1,1,0,0,0,1,12
1977,5.03,0,1,0,13,4,0,1,0,1,1,0,0,0,1,14
1977,9.84,0,0,1,26,3,0,1,0,0,1,0,0,1,0,14
1977,5.29,0,0,1,9,3,1,1,0,0,1,0,0,1,0,12
1977,10.99,1,0,0,40,1,0,1,0,0,1,0,0,1,0,12
1977,7.08,0,0,1,28,3,1,0,0,0,1,0,1,0,0,16
1977,8.17,1,0,0,12,2,0,1,0,0,0,0,1,0,0,16
1977,5.88,0,1,0,25,4,0,1,0,1,1,0,0,0,1,13
1977,7.92,0,1,0,18,4,0,1,0,1,1,0,0,1,0,13
1977,4.44,0,0,1,9,3,0,1,0,0,0,0,0,1,0,17
1977,6.64,0,0,1,9,3,1,1,0,0,1,0,0,0,0,13
1977,15.8,0,1,0,30,4,0,0,0,0,1,0,0,1,0,17
1977,9.23,0,0,1,40,3,0,1,0,1,0,0,1,0,0,14
1977,12.82,0,0,1,36,3,0,1,0,0,1,0,1,0,0,17
1977,14.18,0,1,0,30,4,0,1,0,0,1,0,0,1,0,16
1977,11.54,0,0,1,27,3,1,1,0,0,1,0,1,0,1,12
1977,9.4,0,0,1,22,3,1,1,0,0,1,0,0,1,1,12
1977,10.39,0,0,1,40,3,1,1,0,0,1,1,0,1,0,13
1977,5.54,0,0,1,40,3,0,1,1,0,1,0,1,0,1,12
1977,7.86,0,0,1,21,3,0,1,0,0,1,0,1,0,0,14
1977,8.17,0,0,1,36,3,1,0,0,0,1,1,0,0,0,13
1977,4.05,0,1,0,16,4,0,1,0,1,1,0,0,1,1,12
1977,7.81,0,0,1,36,3,1,0,0,0,1,0,1,0,0,10
1977,2.56,0,0,1,18,3,0,1,0,0,1,0,0,0,0,13
1977,12.98,0,1,0,11,4,0,1,0,0,0,1,0,0,0,16
1977,41.67,0,1,0,16,4,0,0,0,0,1,0,0,1,0,13
1977,4.81,0,1,0,12,4,0,1,0,1,1,0,0,0,0,13
1977,1.32,0,0,1,2,3,1,1,0,0,1,0,0,1,0,10
1977,3.71,0,0,1,4,3,0,1,0,0,0,0,1,0,0,16
1977,4.81,0,0,1,21,3,1,1,0,0,1,0,1,0,1,16
1977,4.68,0,0,1,4,3,0,1,0,0,0,0,1,0,0,12
1977,8.21,1,0,0,32,2,1,1,0,1,0,1,0,0,1,17
1977,4.03,0,0,1,7,3,0,1,0,1,0,0,1,0,0,16
1977,4.81,0,0,1,5,3,0,0,0,0,0,0,1,0,0,13
1977,15.63,0,0,1,23,3,0,1,0,0,1,1,1,0,0,16
1977,7.69,0,0,1,23,3,1,1,0,0,1,0,1,0,0,5
1977,7.17,0,0,1,14,3,0,1,0,0,1,0,0,1,0,13
1977,8.08,0,1,0,13,4,0,1,0,0,1,0,0,1,0,16
1977,9.03,0,0,1,28,3,0,1,0,0,1,0,0,1,0,13
1977,6.75,0,1,0,35,4,0,1,0,0,1,0,1,0,0,14
1977,8.44,0,1,0,16,4,0,1,0,0,1,0,0,0,0,13
1977,6,0,1,0,12,4,0,1,0,0,1,0,0,0,1,17
1977,6.15,0,0,1,7,3,0,1,0,0,1,1,0,0,1,17
1977,4.1,0,0,1,25,3,0,1,0,0,1,0,0,1,1,12
1977,14.17,0,0,1,22,3,1,1,0,0,1,1,0,1,0,13
1977,6.41,0,0,1,22,3,0,1,0,0,1,0,0,1,1,17
1977,31.09,0,0,1,32,3,0,0,0,0,1,0,0,1,0,13
1977,10.29,0,1,0,35,4,0,1,0,0,1,1,0,1,1,13
1977,5.06,0,0,1,28,3,0,1,0,0,1,0,1,0,0,12
1977,6.37,0,0,1,18,3,0,1,0,0,1,1,0,1,0,13
1977,2.98,0,0,1,11,3,0,1,0,1,0,0,0,1,0,17
1977,13.28,0,0,1,40,3,0,1,0,0,1,0,1,0,0,13
1977,4.2,1,0,0,10,2,0,1,0,0,1,1,0,0,0,13
1977,8.92,0,0,1,40,3,0,1,0,0,1,1,0,1,1,12
1977,2.63,0,0,1,7,3,0,1,0,1,1,0,0,0,0,16
1977,26.24,0,0,1,24,3,0,1,0,0,1,0,1,0,0,12
1977,7.54,0,1,0,36,4,0,1,0,0,0,0,0,0,0,12
1977,8.65,0,0,1,34,3,0,1,0,0,1,0,0,1,1,13
1977,20.99,0,0,1,44,3,0,1,0,0,1,1,1,0,0,16
1977,10.26,0,0,1,44,3,0,1,0,0,1,0,0,1,1,13
1977,8.55,0,0,1,30,3,0,1,0,0,1,0,1,0,0,16
1977,2.08,0,1,0,23,4,0,1,0,0,1,0,1,0,0,12
1977,3,0,0,1,5,3,0,0,0,0,0,1,0,0,0,13
1977,6.01,0,1,0,25,4,0,1,0,0,1,1,0,1,1,16
1977,10.05,0,1,0,14,4,0,1,0,0,0,1,0,1,0,13
1977,5.73,0,0,1,5,3,0,1,0,0,1,0,0,1,0,12
1977,5.93,0,0,1,20,3,0,1,0,0,1,0,0,0,0,12
1977,4.49,1,0,0,1,2,0,1,0,0,0,0,0,1,0,10
1977,5.66,0,1,0,13,4,0,1,0,0,0,0,1,0,0,16
1977,10.19,0,1,0,15,4,0,1,0,0,1,1,0,0,0,12
1977,20.99,0,0,1,35,3,0,1,0,0,1,0,0,0,0,12
1977,9.05,0,1,0,20,4,0,1,0,0,1,0,0,1,0,12
1977,3.92,0,1,0,12,5,0,1,0,0,1,0,0,1,1,12
1977,4.28,0,1,0,7,4,0,1,0,1,0,0,0,0,1,16
1977,2.75,0,0,1,7,3,0,1,0,1,0,0,0,1,0,16
1977,2.88,0,1,0,32,4,0,1,0,0,1,0,1,0,0,12
1977,6.41,0,0,1,13,3,0,1,0,0,1,1,0,1,0,13
1977,7.69,0,0,1,15,3,0,1,0,0,1,0,0,1,1,13
1977,3.75,0,0,1,33,3,0,0,0,1,0,0,0,0,1,10
1977,6.41,0,0,1,48,3,0,1,0,0,1,0,0,1,0,8
1977,11.54,0,1,0,38,4,0,1,0,0,1,0,0,1,0,16
1977,11.4,0,0,1,28,3,0,1,0,0,1,0,1,0,1,16
1977,2.2,0,1,0,18,4,0,1,0,1,1,1,0,0,0,13
1977,1.65,1,0,0,24,1,0,1,0,1,0,0,0,1,1,13
1977,6.59,0,0,1,27,3,0,1,0,0,0,0,0,1,1,12
1977,11.06,0,0,1,24,3,0,1,0,0,1,0,0,0,0,5
1977,1.63,0,0,1,16,3,0,1,0,0,1,1,0,1,1,10
1977,3.58,0,0,1,44,3,0,1,0,1,1,0,0,0,0,12
1977,12.31,0,1,0,14,4,0,1,0,0,1,0,0,1,0,16
1977,6.66,0,0,1,16,3,0,1,0,0,1,0,1,0,0,12
1977,10.53,0,0,1,18,3,0,1,0,1,1,0,0,0,1,16
1977,1.92,1,0,0,18,2,0,1,0,1,1,0,0,0,1,13
1977,19.23,0,1,0,15,4,0,1,0,0,1,0,1,0,0,13
1977,7.21,0,1,0,41,4,0,1,0,0,1,0,1,0,0,12
1977,25.64,0,0,1,28,3,0,1,0,0,1,0,1,0,0,16
1977,3.85,0,0,1,24,3,0,1,0,0,1,0,0,1,0,12
1977,10.99,0,0,1,13,3,0,1,0,0,1,0,0,1,0,12
1977,10.02,0,0,1,22,3,0,1,0,0,1,0,1,0,0,13
1977,5.31,0,1,0,18,4,0,1,0,0,1,0,0,1,0,13
1977,7.19,0,0,1,40,3,0,1,0,0,1,1,0,1,0,13
1977,3.82,0,1,0,17,4,0,1,0,0,1,0,0,0,0,13
1977,9.62,0,0,1,17,3,0,1,0,0,1,0,0,1,0,12
1977,9.62,0,1,0,20,4,0,1,0,0,1,0,0,0,0,16
1977,3.85,0,1,0,30,4,0,1,0,0,1,0,0,0,1,12
1977,7.5,0,0,1,30,3,0,1,0,0,1,0,0,1,0,12
1977,6.92,0,1,0,22,4,0,1,0,0,1,0,0,1,1,12
1977,7.69,0,1,0,7,4,0,1,0,0,1,0,0,1,0,12
1977,9.23,0,0,1,23,3,0,1,0,0,0,1,0,1,0,14
1977,1.27,0,0,1,8,3,0,1,0,1,1,0,0,1,0,13
1977,4.82,0,1,0,31,4,0,1,0,0,1,0,0,0,0,10
1977,6.75,0,0,1,30,3,0,1,0,0,1,0,0,1,0,12
1977,8.55,1,0,0,26,2,0,1,0,0,0,1,0,0,0,13
1977,6.41,0,1,0,24,4,1,1,0,0,1,0,1,0,0,12
1977,7.44,0,0,1,12,3,1,1,0,0,1,0,0,1,0,13
1977,1.32,0,0,1,37,3,0,1,0,1,1,0,0,1,0,12
1977,4.81,0,1,0,16,4,0,1,0,1,0,0,0,0,0,14
1977,14.35,0,0,1,23,3,0,1,0,0,1,0,0,1,1,16
1977,2.4,1,0,0,9,2,0,1,0,0,1,0,0,0,0,10
1977,3.08,1,0,0,14,2,0,1,0,0,1,0,0,1,1,14
1977,10.66,0,1,0,8,5,0,1,0,0,0,0,0,0,0,13
1977,7.69,1,0,0,41,2,0,1,0,0,1,0,0,1,0,16
1977,2.54,0,1,0,5,4,0,1,0,0,0,0,0,1,0,13
1977,6.38,0,0,1,30,3,0,1,0,0,1,0,0,0,0,12
1977,4.81,0,1,0,12,4,0,1,0,0,1,0,1,0,1,17
1977,3.82,0,0,1,24,3,0,1,0,1,0,0,0,1,0,12
1977,7.4,0,0,1,19,3,0,1,0,0,1,0,1,0,0,13
1977,7.69,0,1,0,20,4,0,1,0,0,1,0,0,0,0,12
1977,8.24,1,0,0,23,2,0,1,0,1,1,1,1,0,1,14
1977,2.63,0,0,1,3,3,0,1,0,0,0,0,0,1,0,8
1977,5.31,0,1,0,20,4,0,1,0,0,1,0,0,0,0,13
1977,3,1,0,0,45,2,0,1,0,0,1,0,0,0,0,5
1977,5.7,0,0,1,31,3,0,1,0,0,1,0,0,1,0,12
1977,17.49,0,1,0,23,4,0,1,0,0,1,0,0,0,0,13
1977,3.89,0,0,1,7,3,0,1,0,0,0,1,0,1,1,13
1977,16.14,0,0,1,23,3,1,1,0,0,1,0,0,0,0,10
1977,18.32,0,0,1,25,3,0,1,0,0,1,0,0,1,0,13
1977,10.42,0,0,1,28,3,1,0,0,0,1,0,0,1,0,8
1977,24.73,0,0,1,36,3,0,1,0,0,1,0,1,0,0,12
1977,7.61,0,0,1,14,3,0,1,0,0,1,0,0,0,0,13
1977,10,0,1,0,41,4,0,1,0,0,1,0,0,1,0,17
1977,1.68,0,0,1,15,3,0,1,0,0,1,0,0,0,0,10
1977,5.1,0,1,0,34,4,0,0,1,0,1,0,0,1,1,17
1977,7.72,0,0,1,20,3,0,1,0,0,1,0,0,1,0,16
1977,13.46,0,1,0,20,4,0,1,0,0,1,1,1,0,0,16
1977,17.48,0,1,0,35,4,0,1,0,0,1,0,1,0,0,17
1977,1.92,0,0,1,25,3,0,1,1,0,1,0,0,0,0,10
1977,5.09,0,1,0,38,4,0,1,0,0,1,0,0,1,0,13
1977,6.37,0,0,1,16,3,0,1,0,1,0,0,1,0,0,17
1977,5.45,1,0,0,6,2,0,1,0,0,0,0,1,0,0,16
1977,3.82,0,0,1,14,3,0,1,0,0,1,0,0,0,0,13
1977,20.86,0,1,0,34,4,0,1,0,0,1,0,0,1,0,8
1977,6.2,0,1,0,8,4,0,1,0,0,0,0,0,1,1,17
1977,26.22,0,0,1,17,3,0,1,0,0,1,0,1,0,1,17
1977,2.5,0,0,1,27,3,0,1,0,0,1,0,0,1,1,12
1977,8.1,0,0,1,13,3,0,1,0,0,0,1,0,1,0,13
1977,6.21,0,0,1,42,3,0,1,0,0,1,0,0,1,0,12
1977,5.24,0,1,0,11,4,0,1,0,0,1,0,0,1,0,16
1977,5.57,0,1,0,12,4,0,1,0,0,1,0,0,0,0,12
1977,7.6,0,1,0,43,4,0,1,0,0,1,0,0,1,0,12
1977,17.49,0,0,1,18,3,0,1,0,0,1,0,0,1,0,16
1977,10.1,0,0,1,17,3,0,1,0,0,0,0,0,1,0,16
1977,4.33,1,0,0,4,2,0,1,0,0,0,1,0,1,0,13
1977,5.38,0,1,0,40,4,0,1,0,0,1,0,0,0,0,12
1977,5.7,0,1,0,14,4,0,1,0,0,1,0,0,1,0,16
1977,15.73,0,0,1,32,3,0,1,0,0,1,0,1,0,0,12
1977,3.16,0,0,1,13,3,0,1,0,1,1,0,0,1,1,12
1977,7.63,0,0,1,34,3,1,0,0,0,0,0,0,1,0,13
1977,7.69,0,0,1,10,3,0,1,0,0,0,1,1,0,0,16
1977,3.57,0,0,1,25,3,0,1,0,0,0,0,0,1,0,10
1977,5.92,0,1,0,11,4,0,1,0,0,1,0,1,0,0,13
1977,13.12,0,0,1,40,3,0,1,0,0,1,0,0,1,0,13
1977,38.86,0,0,1,29,3,0,1,0,0,1,0,0,1,0,13
1977,1.92,0,0,1,30,3,0,0,0,1,0,0,0,1,0,13
1977,10.12,0,0,1,20,3,1,1,0,0,1,0,0,1,0,16
1977,12.82,0,1,0,12,4,0,1,0,0,1,1,0,0,0,16
1977,5.49,0,1,0,20,4,0,1,0,1,0,0,0,1,0,13
1977,14.79,0,0,1,29,3,0,1,0,0,1,0,0,1,0,17
1977,10.19,1,0,0,15,2,0,1,0,0,1,1,0,1,0,17
1977,2.11,0,0,1,37,3,1,1,0,1,0,0,1,0,0,10
1977,9.28,0,0,1,11,3,0,1,0,0,0,0,1,0,0,13
1977,5.33,0,1,0,19,4,0,1,0,0,1,0,0,1,0,13
1977,9.13,0,0,1,13,3,0,1,0,0,1,0,0,1,0,13
1977,9.89,0,0,1,41,3,0,1,0,0,1,0,0,1,0,10
1977,6.37,0,0,1,11,3,0,1,0,0,1,0,0,1,0,10
1977,4,0,0,1,26,3,0,1,0,1,0,0,0,1,0,12
1977,5.09,0,1,0,7,4,0,1,0,0,1,1,0,1,0,13
1977,5.13,0,1,0,21,4,0,1,0,0,1,1,0,0,0,12
1977,2.47,0,1,0,1,4,0,1,0,1,0,1,0,1,0,16
1977,3.29,0,0,1,26,3,0,1,0,1,1,0,1,0,0,10
1977,3.95,0,0,1,1,3,0,1,0,1,0,1,1,0,0,12
1977,3.04,0,0,1,12,3,0,1,0,1,1,0,0,1,0,12
1977,2.27,1,0,0,3,2,0,1,0,1,1,0,0,0,0,12
1977,3.34,0,0,1,5,3,0,1,0,1,1,0,1,0,0,12
1977,4.9,1,0,0,5,2,1,1,0,0,0,0,0,1,0,13
1977,7.21,0,0,1,6,3,0,1,0,0,1,1,0,1,0,14
1977,3.44,0,1,0,1,4,0,1,0,0,0,0,0,0,0,12
1977,2.4,0,1,0,6,4,0,1,0,1,1,0,0,0,0,12
1977,8.26,0,0,1,38,3,0,1,0,0,1,0,1,0,0,12
1977,10.68,0,0,1,38,3,0,1,0,0,1,0,0,1,0,12
1977,4.62,0,0,1,37,3,0,1,0,0,1,0,0,0,0,13
1977,7.55,0,1,0,26,4,0,1,0,0,1,0,0,1,0,13
1977,6.75,0,0,1,42,3,0,0,0,0,1,0,0,0,0,13
1977,7.69,0,0,1,42,3,0,1,0,0,1,1,0,1,0,12
1977,7.25,0,0,1,10,3,0,1,0,0,1,0,0,1,0,14
1977,8.74,0,1,0,16,4,0,1,0,0,1,0,0,1,0,12
1977,4.62,1,0,0,34,2,0,1,0,0,1,1,0,1,0,13
1977,3.33,1,0,0,17,2,0,1,0,0,0,0,0,0,0,12
1977,4.81,0,0,1,12,3,0,1,0,1,0,0,0,1,0,12
1977,4.58,0,0,1,24,3,0,1,0,0,1,0,0,1,0,12
1977,4.09,0,0,1,3,3,0,1,0,1,1,0,0,1,0,13
1977,1.83,0,1,0,3,4,0,0,0,1,0,0,0,0,0,13
1977,3.33,0,0,1,14,3,0,1,0,0,1,0,0,1,0,10
1977,4.72,0,0,1,3,3,0,0,0,1,0,0,0,0,0,12
1977,3.06,0,1,0,32,4,0,1,0,0,1,0,0,0,0,12
1977,4.95,0,1,0,9,4,0,1,0,0,1,1,0,1,0,13
1977,11.54,0,0,1,34,3,0,1,0,0,1,1,0,1,0,13
1977,5.63,0,0,1,5,3,0,1,0,0,1,0,0,1,0,14
1977,4.05,1,0,0,10,2,0,1,0,1,1,0,0,1,0,12
1977,1.16,0,1,0,2,4,0,1,0,1,0,1,0,1,0,13
1977,4.1,0,0,1,34,3,0,1,0,1,1,0,1,0,0,8
1977,2.46,0,0,1,17,3,0,1,0,1,1,0,0,0,0,12
1977,4.11,0,1,0,10,4,0,1,0,1,0,0,1,0,1,12
1977,6.11,0,0,1,44,3,0,1,0,1,1,0,0,0,0,13
1977,4.47,0,1,0,11,4,0,1,0,1,1,0,0,1,0,12
1977,4.62,0,1,0,3,4,0,1,0,1,0,0,1,0,0,12
1977,1.28,0,0,1,2,3,0,1,0,1,1,0,0,0,1,13
1977,4.4,0,1,0,25,4,0,1,0,1,0,0,0,0,0,12
1977,1.27,0,0,1,12,3,0,1,0,1,1,0,0,1,1,12
1977,3.95,0,1,0,10,4,0,1,0,1,0,0,0,0,0,12
1977,3.64,0,0,1,8,3,0,0,0,0,0,1,0,1,0,12
1977,3.75,0,1,0,5,4,0,1,0,1,0,0,0,1,0,14
1977,3.21,0,1,0,12,4,0,1,0,1,0,0,0,1,0,13
1977,2.63,0,0,1,6,3,0,1,0,1,1,0,0,1,1,13
1977,5.64,0,0,1,9,3,0,1,0,0,1,0,0,0,0,16
1977,3,0,1,0,2,4,0,1,0,1,0,0,1,0,0,12
1977,1.98,0,1,0,7,4,0,1,0,1,1,0,0,0,0,12
1977,4.81,0,0,1,26,3,0,1,0,1,0,0,0,0,0,12
1977,2.63,0,1,0,13,4,0,1,0,1,1,0,0,1,1,13
1977,3.16,0,0,1,27,3,0,1,0,1,1,0,0,1,0,12
1977,6.27,0,0,1,3,3,1,1,0,0,0,1,1,0,1,13
1977,4.05,0,0,1,8,3,0,1,0,1,0,0,0,1,0,13
1977,1.98,0,0,1,8,3,0,1,0,1,1,0,0,1,0,16
1977,2.18,0,1,0,2,4,0,1,0,1,1,0,0,1,0,12
1977,2.63,0,1,0,4,4,0,1,0,1,1,0,0,0,0,12
1977,2.43,0,1,0,1,4,0,1,0,1,0,0,0,1,0,10
1977,1.98,0,1,0,4,4,0,1,0,1,0,1,0,0,0,12
1977,4.09,0,1,0,5,4,0,1,0,1,1,1,0,0,0,12
1977,2.5,0,0,1,12,3,0,1,0,1,0,0,0,1,1,12
1977,2.51,0,1,0,4,5,0,1,0,1,0,0,1,0,0,12
1977,3.85,0,1,0,7,4,1,1,0,1,0,0,0,1,0,10
1977,5.13,0,1,0,5,4,0,1,0,0,0,1,0,1,0,12
1977,4.81,0,0,1,5,3,0,1,0,1,0,0,0,1,0,12
1977,4.81,0,1,0,3,4,0,1,0,0,0,0,0,1,1,13
1977,7.07,0,0,1,8,3,1,1,1,1,0,0,1,0,0,13
1977,2.31,0,1,0,3,4,0,1,0,1,0,0,0,1,1,13
1977,3.89,0,1,0,4,4,0,1,1,1,0,1,1,0,0,16
1977,1.98,1,0,0,25,2,0,1,0,1,0,0,1,0,0,12
1977,3.75,0,1,0,31,4,0,0,0,1,0,0,1,0,0,12
1977,1.25,0,1,0,5,4,0,1,0,1,1,0,0,0,0,12
1977,7.63,0,1,0,11,4,0,1,0,0,0,0,0,0,1,16
1977,6.54,0,0,1,8,3,0,1,1,1,0,1,0,1,0,13
1977,13.13,0,0,1,24,3,0,1,0,0,1,1,0,1,0,16
1977,4.4,0,1,0,3,5,0,1,0,1,0,0,0,1,0,13
1977,7.69,0,0,1,16,3,0,1,1,1,1,0,0,1,0,13
1977,3.85,0,0,1,7,3,0,1,0,0,1,0,0,1,0,10
1977,7.69,0,0,1,25,3,0,1,0,0,1,0,0,1,0,12
1977,5,0,0,1,19,3,0,1,0,0,0,1,0,1,0,13
1977,8.94,0,0,1,31,3,1,1,0,0,1,0,0,1,0,10
1977,5.09,0,1,0,7,5,0,1,0,1,0,0,1,0,0,17
1977,3.16,0,0,1,1,3,0,1,1,1,0,0,1,0,1,12
1977,10.58,0,0,1,21,3,0,1,0,0,1,0,0,1,0,13
1977,6.87,0,0,1,5,3,0,0,1,1,1,0,1,0,0,12
1977,2.14,0,1,0,4,4,0,1,1,1,0,0,1,0,0,13
1977,5.13,0,1,0,15,4,0,1,0,1,0,0,1,0,0,16
1977,1.95,1,0,0,10,2,1,1,0,1,1,0,0,1,1,13
1977,1.92,0,1,0,8,4,0,1,0,1,1,0,0,0,1,12
1977,2.65,0,0,1,18,3,0,1,0,1,1,0,0,1,1,13
1977,2.62,0,0,1,10,3,1,1,0,1,1,1,0,0,1,17
1977,7.91,0,1,0,6,4,1,1,0,1,0,0,0,1,0,13
1977,8.55,0,1,0,30,4,1,1,0,0,1,1,0,0,0,12
1977,8.44,0,1,0,19,4,1,1,0,1,0,0,1,0,0,13
1977,7.96,0,0,1,30,3,1,1,0,0,1,0,0,0,0,12
1977,7.21,0,1,0,38,4,0,0,1,0,0,0,1,0,0,12
1977,4.67,0,0,1,4,3,0,1,0,0,0,0,1,0,0,10
1977,4.28,0,1,0,7,4,0,1,0,1,0,0,0,1,1,13
1977,3.61,0,0,1,4,3,0,1,0,1,0,1,0,1,0,13
1977,1.92,0,0,1,2,3,0,1,0,1,0,0,0,1,0,14
1977,1.68,0,0,1,5,3,0,1,0,1,1,0,0,0,0,13
1977,4.46,0,0,1,21,3,0,1,0,1,1,0,0,1,0,12
1977,2.11,0,1,0,12,4,0,1,0,1,0,1,0,1,0,13
1977,3.81,0,1,0,4,5,0,1,0,0,1,0,0,1,0,12
1977,6.25,0,1,0,11,4,0,1,0,1,1,0,0,1,0,12
1977,3.08,0,0,1,5,3,0,1,1,1,0,0,0,1,0,13
1977,5.39,0,0,1,45,3,0,0,0,0,1,0,0,1,0,10
1977,7.33,0,1,0,31,4,1,0,0,0,1,0,0,0,0,13
1977,4.92,0,0,1,38,3,1,0,1,1,0,1,1,0,0,12
1977,9.89,0,0,1,35,3,1,1,1,0,0,0,1,0,0,10
1977,2.98,0,0,1,12,3,0,1,0,1,1,0,0,1,0,12
1977,2.92,0,1,0,12,4,0,1,0,1,0,0,0,0,1,12
1977,4.17,0,1,0,34,4,0,1,0,1,1,0,0,1,1,12
1977,3.34,1,0,0,20,2,0,1,1,1,0,0,0,1,0,13
1977,2.26,0,1,0,3,4,0,1,0,1,0,0,0,0,0,14
1977,10.12,0,0,1,18,3,0,1,0,1,0,0,0,1,1,13
1977,6.35,0,0,1,20,3,0,1,0,1,1,0,0,1,0,12
1977,7.8,0,0,1,6,3,0,1,1,1,0,0,1,0,1,13
1977,3.75,0,1,0,9,4,0,1,0,1,0,0,0,1,0,12
1977,3.59,0,1,0,3,4,0,1,0,1,1,0,0,1,0,12
1977,4.52,0,0,1,7,3,0,1,0,1,0,0,0,1,0,13
1977,4.47,0,0,1,12,3,0,1,0,1,1,0,0,1,0,12
1977,5.29,0,1,0,12,4,0,1,0,1,0,0,0,1,1,12
1977,5.29,0,1,0,10,4,0,1,0,1,0,1,0,1,1,13
1977,4.81,0,1,0,9,4,0,1,0,1,0,0,0,1,0,13
1977,1.98,1,0,0,3,2,0,1,0,1,1,0,0,0,1,14
1977,3.17,0,0,1,2,3,0,1,0,1,0,0,0,0,0,13
1977,2.88,0,1,0,40,4,0,1,0,1,1,0,1,0,1,12
1977,3.47,0,0,1,5,3,0,1,0,1,1,0,0,0,1,13
1977,3.92,1,0,0,15,2,0,1,0,1,1,0,0,0,0,12
1977,3.46,0,1,0,13,4,0,1,0,1,1,1,1,0,1,17
1977,4.95,0,1,0,10,5,0,1,1,1,0,0,1,0,0,14
1977,2.18,0,0,1,2,3,0,1,0,1,0,0,0,0,0,12
1977,4.1,0,1,0,23,4,0,1,0,1,0,0,0,1,0,12
1977,2.62,0,0,1,15,3,0,1,0,1,0,0,0,0,1,12
1977,6.59,0,0,1,30,3,0,1,0,1,0,0,0,1,0,13
1977,3.96,1,0,0,15,2,0,1,0,1,1,0,1,0,0,12
1977,4.81,0,0,1,11,3,0,1,0,1,0,0,0,1,0,13
1977,3.75,0,0,1,27,3,0,1,0,1,0,0,0,1,1,12
1977,7.34,0,0,1,9,3,1,1,0,1,0,0,1,0,0,12
1977,2.93,0,1,0,1,4,0,1,0,1,0,0,0,0,1,12
1977,3.47,0,0,1,15,3,0,1,0,1,0,0,0,1,1,12
1977,5.64,0,0,1,16,3,0,1,0,1,1,0,0,1,1,12
1977,3.75,0,0,1,3,3,0,1,0,1,0,0,0,0,1,13
1977,5.45,0,1,0,19,4,0,1,0,1,0,0,0,1,1,17
1977,4.09,0,1,0,18,4,0,0,0,1,0,1,1,0,0,13
1977,3.75,0,0,1,4,3,0,1,0,1,1,0,0,1,0,12
1977,6.73,0,1,0,14,4,0,1,0,1,1,0,0,1,0,12
1977,3.28,0,0,1,8,3,1,1,0,1,1,0,0,1,1,13
1977,3.57,0,1,0,10,4,0,1,0,1,0,0,0,1,0,12
1977,6.01,0,0,1,33,3,0,1,0,0,1,0,1,0,0,12
1977,4.62,0,0,1,9,3,0,1,0,0,1,0,0,1,0,10
1977,6.84,0,1,0,26,4,0,1,0,0,1,0,1,0,0,12
1977,6.41,0,0,1,15,3,0,1,0,1,1,0,0,0,0,10
1977,3.44,1,0,0,31,2,0,1,0,0,1,0,0,1,0,12
1977,3.85,0,0,1,22,3,1,1,0,0,1,1,0,1,0,10
1977,7.15,0,1,0,30,4,1,1,0,1,0,0,1,0,0,12
1977,4.05,0,0,1,3,3,0,1,1,1,0,1,1,0,0,12
1977,2.91,0,1,0,4,4,0,1,0,0,0,0,0,1,0,14
1977,1.92,0,0,1,4,3,0,0,0,1,0,1,0,1,0,12
1977,4.42,0,0,1,9,3,0,1,0,0,0,0,0,1,0,12
1977,8.49,0,0,1,7,3,1,1,0,0,0,0,1,0,0,14
1977,4.28,0,0,1,3,3,1,1,1,0,0,1,1,0,0,13
1977,3.33,0,1,0,5,4,0,1,0,0,1,0,1,0,1,12
1977,8.46,0,0,1,48,3,0,1,0,0,1,0,1,0,0,13
1977,8.65,0,0,1,3,3,0,1,0,1,0,0,0,1,0,12
1977,1.16,0,0,1,5,3,0,1,0,1,1,1,0,1,1,10
1977,1.98,0,0,1,5,3,0,1,1,1,1,0,0,1,1,13
1977,2.57,0,0,1,3,3,0,1,0,1,1,0,0,1,1,12
1977,2.58,0,1,0,6,4,0,1,1,1,0,0,0,1,1,12
1977,2.51,0,1,0,10,4,0,1,0,1,1,0,0,0,1,12
1977,77.72,0,1,0,9,4,1,1,1,1,1,0,1,0,1,13
1977,4.33,0,1,0,26,4,1,1,0,1,1,1,0,1,0,12
1977,4.09,0,0,1,33,3,1,1,0,0,1,0,0,1,0,8
1977,5.73,0,0,1,12,3,1,1,0,1,0,1,1,0,0,12
1977,4.81,0,0,1,11,3,1,1,0,1,0,0,0,0,0,12
1977,7.69,0,1,0,10,4,0,1,0,1,0,0,0,1,0,12
1977,5.73,0,0,1,9,3,1,1,0,1,0,0,0,1,0,12
1977,5.88,0,0,1,17,3,1,1,0,1,0,0,0,1,0,12
1977,4.27,0,0,1,37,3,0,1,0,0,1,0,0,0,0,13
1977,9.62,0,1,0,28,4,0,1,0,0,0,0,0,0,0,16
1977,9.36,0,0,1,16,3,0,1,0,0,0,0,0,1,0,12
1977,3.95,0,1,0,2,5,0,1,0,1,0,0,0,1,0,12
1977,5.73,0,0,1,34,3,1,1,0,1,1,0,0,0,0,12
1977,2.6,0,0,1,7,3,0,1,0,1,0,1,0,1,0,12
1977,3.75,0,1,0,4,4,0,1,0,1,0,0,0,0,0,12
1977,5.61,0,1,0,12,4,0,1,0,1,1,0,0,1,1,14
1977,5.73,0,0,1,20,3,0,1,0,1,1,1,0,1,0,13
1977,3.85,0,0,1,17,3,0,1,0,1,1,1,0,1,0,12
1977,2.88,1,0,0,0,2,0,1,0,1,0,0,0,1,1,12
1977,2.75,0,1,0,7,4,0,1,0,1,0,0,0,1,0,12
1977,11.57,0,1,0,13,4,0,1,0,0,0,1,1,0,0,13
1977,4.33,0,0,1,4,3,0,1,1,1,0,0,1,0,1,13
1977,2.75,0,0,1,3,3,0,1,0,1,1,0,1,0,0,12
1977,5.34,0,0,1,5,3,0,1,0,1,0,0,0,1,0,10
1977,6.56,0,0,1,19,3,0,1,0,0,1,0,0,1,0,12
1977,4.68,0,0,1,12,3,0,1,0,0,1,0,1,0,0,13
1977,1.98,1,0,0,10,2,0,1,0,1,1,0,0,0,0,12
1977,7.96,0,0,1,18,3,1,1,0,0,1,1,0,1,0,12
1977,4.87,1,0,0,18,2,0,1,0,1,1,0,1,0,0,13
1977,3.16,0,0,1,44,3,1,1,0,1,1,0,0,0,0,10
1977,6.25,0,0,1,5,3,0,1,0,0,0,0,0,1,0,12
1977,3,0,1,0,18,4,0,1,0,1,1,0,0,1,0,13
1977,3.75,0,1,0,12,4,1,1,0,1,0,1,0,1,0,12
1977,3.75,0,1,0,6,4,0,1,0,1,1,0,0,1,0,12
1977,6.54,0,1,0,13,4,0,1,1,1,0,1,1,0,1,13
1977,4.19,0,0,1,10,3,0,1,0,0,1,0,1,0,0,13
1977,5.37,1,0,0,20,2,0,1,0,0,1,0,0,0,0,12
1977,2.14,0,1,0,32,5,0,1,0,1,0,0,0,0,1,16
1977,4.81,0,0,1,32,3,0,1,0,1,1,0,1,0,0,12
1977,3.53,0,0,1,8,3,0,1,0,1,1,0,1,0,0,12
1977,4.33,0,0,1,25,3,0,1,0,1,0,0,0,1,1,12
1977,6.13,0,0,1,18,3,1,1,0,0,1,0,0,1,0,12
1977,8.79,1,0,0,31,2,1,0,0,0,1,0,1,0,1,12
1977,8.21,0,0,1,30,3,1,1,0,0,1,0,0,0,0,12
1977,2.39,0,0,1,8,3,0,1,0,0,1,0,0,0,0,10
1977,4.58,0,1,0,18,4,0,1,0,0,1,0,0,0,0,12
1977,6.97,0,0,1,16,3,0,1,0,0,1,0,1,0,0,13
1977,10.12,0,0,1,29,3,1,1,0,0,1,0,0,0,0,12
1977,3.75,1,0,0,30,2,0,1,0,0,1,0,0,1,0,12
1977,3.52,1,0,0,8,2,0,1,0,0,0,0,0,1,0,12
1977,8.41,0,0,1,22,3,0,1,0,0,1,0,0,0,0,10
1977,7.96,0,1,0,15,5,0,1,0,0,1,0,0,1,0,12
1977,8.24,1,0,0,20,2,1,1,0,0,1,0,1,0,0,12
1977,3.22,0,0,1,18,3,0,1,0,0,1,0,0,0,0,12
1977,7.96,0,0,1,36,3,0,1,0,0,1,0,0,1,0,8
1977,8.65,0,1,0,11,4,1,1,0,0,0,0,1,0,0,12
1977,4.27,0,0,1,3,3,0,1,1,0,0,0,0,1,0,10
1977,12.66,0,1,0,22,5,1,1,0,0,1,1,1,0,0,12
1977,7.96,0,0,1,16,3,1,1,0,0,1,0,0,0,0,10
1977,3.49,0,0,1,44,3,0,1,0,0,1,0,0,0,0,10
1977,10.12,1,0,0,20,2,0,1,0,0,0,0,0,1,0,13
1977,3.08,0,1,0,5,4,0,1,0,0,1,1,0,1,0,13
1977,7.96,0,0,1,8,3,1,1,0,0,1,0,0,1,0,12
1977,2.75,0,1,0,2,4,0,1,0,0,0,0,1,0,0,12
1977,3.39,0,0,1,10,3,0,1,0,0,1,0,0,1,0,10
1977,5.49,1,0,0,7,2,0,1,0,0,1,0,0,1,0,12
1977,4.27,0,0,1,11,3,0,1,0,0,1,0,0,1,0,12
1977,5.71,0,0,1,18,3,1,1,0,0,1,1,0,1,0,12
1977,3.46,1,0,0,8,2,0,1,0,1,1,1,0,1,0,14
1977,15.38,0,0,1,37,3,0,1,0,0,1,0,0,1,0,12
1977,8.41,0,0,1,12,3,0,1,0,0,0,0,0,1,0,13
1977,10.12,0,0,1,11,3,0,1,0,0,1,1,0,1,0,12
1977,3.85,0,1,0,7,4,0,1,0,0,1,1,0,1,0,12
1977,4.62,0,1,0,23,4,0,1,0,0,1,0,0,0,1,12
1977,3.41,0,0,1,5,3,0,1,0,0,1,0,0,0,1,12
1977,10.58,0,1,0,22,4,1,1,0,0,1,1,0,1,0,12
1977,10.1,0,0,1,35,3,1,1,0,0,0,0,1,0,0,13
1977,7.96,0,0,1,6,3,0,1,0,0,1,0,0,1,0,13
1977,6.81,0,1,0,14,4,0,1,0,0,1,0,1,0,0,8
1977,7.21,0,0,1,37,3,1,1,0,0,1,0,0,1,0,12
1977,6.41,0,0,1,32,3,1,1,0,0,1,1,0,1,0,8
1977,4.77,0,0,1,30,3,1,1,0,0,1,0,0,0,0,10
1977,6.05,0,0,1,10,3,1,1,0,0,1,0,0,0,0,13
1977,3.75,1,0,0,9,2,1,1,0,0,1,0,0,0,0,10
1977,9.16,0,0,1,14,3,1,1,0,0,1,1,0,1,0,13
1977,3.33,0,0,1,19,3,0,1,0,0,1,0,0,0,0,10
1977,4.77,0,0,1,6,3,1,1,0,0,1,0,0,1,0,14
1977,5.79,1,0,0,28,2,0,1,0,0,1,0,0,1,0,12
1977,3.96,0,0,1,10,3,0,1,0,1,0,0,1,0,0,16
1977,6.41,1,0,0,37,2,1,1,0,0,1,1,0,0,0,12
1977,5.55,0,0,1,41,3,1,1,0,0,1,0,0,0,0,12
1977,12.74,0,0,1,18,3,1,0,0,0,1,1,0,0,0,10
1977,7.69,0,1,0,14,4,0,1,0,0,0,1,1,0,0,13
1977,8.17,0,0,1,12,3,1,1,0,0,0,1,1,0,0,16
1977,6.4,0,0,1,26,3,0,1,0,0,1,0,0,1,0,12
1977,3.57,0,0,1,19,3,0,1,1,1,1,0,0,1,0,12
1977,6.59,0,1,0,22,4,0,1,0,0,0,0,0,0,0,10
1977,7.69,0,0,1,27,3,0,1,0,0,1,0,0,1,0,12
1977,10.26,0,0,1,27,3,0,1,1,0,0,0,0,0,0,12
1977,7.08,0,0,1,25,3,0,1,0,0,1,0,0,0,0,10
1977,10.42,0,0,1,10,3,0,1,0,0,1,0,0,1,0,12
1977,8.08,0,0,1,7,3,0,1,0,0,1,0,0,1,0,12
1977,4.95,0,1,0,7,4,0,1,0,0,0,0,0,1,0,13
1977,9.81,0,0,1,24,3,0,1,0,0,1,0,1,0,0,13
1977,5.77,0,1,0,10,4,0,1,0,0,0,0,1,0,0,12
1977,4.81,0,1,0,3,4,0,1,0,0,0,0,0,1,0,12
1977,11.95,0,0,1,28,3,0,1,0,0,1,0,1,0,0,14
1977,6.12,0,1,0,23,4,0,1,0,0,1,0,0,0,0,12
1977,4.58,0,1,0,37,4,0,1,0,0,0,0,0,0,0,12
1977,2.26,1,0,0,18,2,0,0,0,1,1,0,0,0,0,10
1977,4.37,0,0,1,5,3,0,1,0,0,1,0,0,1,0,12
1977,7.71,1,0,0,42,2,0,1,0,0,1,0,0,0,0,8
1977,7.96,0,0,1,20,3,0,1,0,1,0,1,0,1,0,13
1977,8.93,0,0,1,33,3,0,1,0,0,0,0,1,0,0,12
1977,12.27,0,0,1,25,3,0,0,0,0,1,0,0,1,0,10
1977,5.73,0,1,0,14,4,1,1,0,1,1,0,0,0,0,12
1977,7.26,0,1,0,10,4,0,1,0,0,1,0,0,1,0,13
1977,4.73,1,0,0,21,2,0,1,0,0,1,0,0,1,0,5
1977,5.38,0,0,1,8,3,0,1,0,0,1,0,0,0,0,12
1977,9,0,1,0,42,4,0,1,0,0,1,0,0,0,0,12
1977,4.91,0,1,0,10,4,0,1,0,0,1,0,1,0,0,12
1977,14.31,1,0,0,40,2,1,1,0,0,1,0,0,1,0,10
1977,9.74,0,1,0,13,4,0,1,0,0,1,0,1,0,0,12
1977,4.13,0,0,1,39,3,0,1,0,0,1,0,0,0,0,12
1977,3.75,0,0,1,9,3,0,1,0,0,1,1,0,1,0,13
1977,5.26,1,0,0,26,2,0,1,0,0,1,0,0,0,0,12
1977,21.74,0,0,1,24,3,1,1,0,0,1,1,0,0,0,12
1977,8.81,0,0,1,14,3,1,1,0,0,1,0,0,1,0,12
1977,8.17,0,1,0,12,4,1,1,0,0,1,1,0,1,0,13
1977,7.5,0,1,0,35,4,1,1,0,0,1,0,0,0,0,12
1977,3.42,0,0,1,14,3,0,0,0,0,1,0,0,0,0,12
1977,8.89,0,0,1,18,3,1,1,0,0,1,0,0,1,0,12
1977,4.16,0,0,1,32,3,0,1,0,0,1,0,0,0,0,13
1977,8.17,0,0,1,23,3,1,1,0,0,1,0,1,0,0,12
1977,8.12,0,0,1,22,3,0,1,0,0,1,1,0,1,0,12
1977,10.12,0,0,1,29,3,0,1,0,0,1,0,0,1,0,12
1977,12.5,0,0,1,30,3,1,1,0,0,1,1,0,1,0,13
1977,4.33,1,0,0,15,2,0,1,0,0,0,0,0,1,1,8
1977,5.2,0,1,0,10,4,0,1,0,0,0,0,0,0,1,12
1977,9.62,0,1,0,12,4,0,1,0,0,1,0,0,1,1,10
1977,16.03,0,0,1,25,3,0,1,0,0,1,1,0,1,1,10
1977,9.28,0,0,1,29,3,0,1,0,0,1,0,0,1,1,12
1977,2.81,1,0,0,40,2,0,0,0,0,1,0,0,0,0,8
1977,7.21,0,0,1,34,3,0,1,1,0,1,1,0,1,0,5
1977,8,0,0,1,18,3,0,1,0,0,1,1,0,1,1,12
1977,10.99,0,0,1,22,3,1,0,0,0,1,0,1,0,0,12
1977,4.47,1,0,0,12,2,0,1,0,0,1,1,0,0,0,12
1977,7.07,0,0,1,10,3,0,1,0,0,1,0,0,1,1,12
1977,1.66,0,1,0,15,4,0,1,0,0,1,0,0,0,1,12
1977,7.93,1,0,0,39,1,1,1,0,0,1,0,1,0,0,12
1977,5.23,0,0,1,18,3,1,1,0,0,0,0,1,0,0,12
1977,7.96,0,0,1,18,3,1,1,0,0,1,0,0,1,0,10
1977,7.03,1,0,0,16,2,1,1,0,0,1,0,1,0,0,12
1977,3.75,0,0,1,18,3,0,1,0,0,1,1,0,0,1,8
1977,5.29,0,0,1,4,3,0,1,0,0,0,0,0,1,0,13
1977,4.46,0,0,1,4,3,0,1,0,0,0,1,0,1,0,13
1977,7.96,0,0,1,39,3,0,1,0,0,1,0,1,0,1,13
1977,5.45,0,0,1,16,3,0,1,0,0,1,1,0,1,0,12
1977,6.87,0,0,1,23,3,0,1,0,0,1,0,0,1,1,12
1977,10.3,0,1,0,14,4,1,1,0,0,1,0,0,1,0,17
1977,8.01,0,0,1,12,3,0,1,0,0,1,0,1,0,0,16
1977,6.25,0,0,1,40,3,0,1,0,0,1,1,1,0,0,13
1977,7.96,0,0,1,44,3,1,1,0,0,1,1,0,1,0,10
1977,3.93,0,0,1,8,3,0,1,0,0,1,0,0,1,0,13
1977,7.75,0,0,1,23,3,1,1,0,0,1,0,0,0,0,5
1977,4.3,1,0,0,11,2,1,1,0,0,0,0,0,0,0,12
1977,4.9,0,0,1,8,3,1,1,0,0,1,0,0,0,0,12
1977,5.56,0,0,1,45,3,0,1,0,0,1,0,0,1,0,10
1977,5.73,0,0,1,19,3,0,1,0,0,1,0,0,1,0,12
1977,5.7,0,1,0,19,4,0,1,0,0,1,1,0,0,1,13
1977,4.57,1,0,0,7,2,0,1,0,0,0,0,0,0,0,12
1977,4.15,0,1,0,8,4,0,1,0,0,1,0,0,0,0,13
1977,4.71,0,0,1,34,3,0,1,0,0,1,0,0,0,0,12
1977,7.21,0,1,0,20,4,0,1,0,0,1,0,0,1,0,12
1977,7.04,0,0,1,12,3,1,1,0,0,0,0,0,1,0,13
1977,1.48,1,0,0,13,2,0,1,0,0,0,0,0,0,1,12
1977,3.37,0,1,0,13,4,1,0,0,1,1,0,0,0,0,12
1977,9.62,0,0,1,4,3,1,1,0,0,0,0,1,0,0,12
1977,3.75,0,1,0,3,4,0,1,0,0,0,0,0,0,0,12
1977,7.14,0,1,0,17,4,1,1,0,0,1,0,1,0,0,12
1977,6.99,0,1,0,10,4,0,1,0,0,1,0,1,0,1,13
1977,8.46,0,0,1,26,3,1,1,0,0,1,0,1,0,0,10
1977,4.76,0,0,1,12,3,0,1,0,0,1,0,0,0,0,16
1977,3.9,0,1,0,2,4,0,1,1,1,0,0,0,1,0,13
1977,5.77,0,1,0,11,4,0,1,0,0,1,0,0,1,1,14
1977,8.74,0,1,0,19,4,0,1,0,0,1,0,0,1,1,12
1977,6.56,0,1,0,4,4,0,1,0,0,0,0,0,0,0,16
1977,4.24,0,0,1,9,3,0,1,0,0,0,0,1,0,0,13
1977,4.09,0,1,0,15,4,0,1,0,0,1,0,1,0,1,12
1977,20.99,0,0,1,25,3,0,1,0,0,1,0,0,0,0,10
1977,7.69,0,0,1,7,3,0,1,0,0,1,0,0,1,0,12
1977,4.58,0,0,1,29,3,1,1,0,0,1,0,0,1,0,12
1977,6.49,0,0,1,28,3,1,0,0,0,1,0,0,1,0,12
1977,12.82,0,0,1,3,3,1,1,0,0,1,0,1,0,0,12
1977,9.62,0,0,1,9,3,1,1,0,0,1,0,1,0,0,13
1977,8.89,0,0,1,42,3,1,1,0,0,1,0,0,1,0,12
1977,10.58,0,0,1,17,3,1,1,0,0,1,0,0,0,0,12
1977,7.21,0,0,1,29,3,0,1,0,0,0,0,0,0,0,5
1977,1.65,1,0,0,7,2,0,1,0,0,0,0,0,1,0,10
1977,10.58,0,1,0,15,4,1,1,0,0,1,0,0,1,0,12
1977,3.04,0,0,1,15,3,1,1,0,0,1,0,0,0,0,12
1977,4.55,0,0,1,43,3,0,1,0,0,1,0,0,1,1,10
1977,7.69,0,0,1,44,3,1,1,0,0,1,1,0,0,0,10
1977,3,0,0,1,11,3,0,1,0,0,1,0,0,1,1,13
1977,12.02,0,1,0,31,4,1,1,0,0,1,0,1,0,0,12
1977,5.99,0,0,1,21,3,1,1,0,0,1,1,1,0,0,14
1977,8.94,0,0,1,35,3,1,1,0,0,1,0,0,0,0,13
1977,4,0,1,0,7,4,0,1,0,0,0,0,0,0,0,10
1977,1.98,0,0,1,3,3,1,1,0,0,0,1,1,0,0,12
1977,1.27,0,1,0,0,4,0,1,0,1,0,0,0,1,0,10
1977,5.57,0,0,1,10,3,0,1,0,0,1,0,0,1,1,5
1977,7.36,1,0,0,39,2,0,1,0,0,1,0,0,1,0,12
1977,3.08,0,0,1,5,3,0,1,0,0,1,0,0,1,0,12
1977,9.64,0,0,1,36,3,1,1,0,0,1,1,0,1,0,10
1977,5.09,0,0,1,18,3,0,1,0,0,1,0,0,0,1,10
1977,10.12,0,0,1,17,3,1,1,0,0,1,1,0,1,0,10
1977,9.62,0,0,1,40,3,1,1,1,0,0,0,1,0,0,8
1977,5.77,0,0,1,5,3,1,1,0,0,1,0,1,0,0,12
1977,8.32,0,1,0,26,4,1,1,0,0,0,0,0,1,0,12
1977,5.73,1,0,0,34,2,1,1,0,0,1,0,1,0,0,12
1977,5.73,0,0,1,11,3,0,1,0,0,1,0,0,1,0,12
1977,7.21,0,0,1,43,3,1,1,0,0,1,0,1,0,0,10
1977,8.78,0,0,1,24,3,1,1,0,0,1,0,0,1,0,12
1977,7.96,0,0,1,15,3,1,1,0,0,1,0,0,1,0,13
1977,9.62,0,0,1,11,3,1,1,0,0,1,0,0,1,0,12
1977,7.45,0,0,1,38,3,1,1,0,0,1,0,1,0,0,12
1977,18.46,0,0,1,20,3,1,1,0,0,1,0,0,1,0,12
1977,8.85,0,1,0,9,4,1,1,0,0,1,0,0,1,0,12
1977,8,0,0,1,7,3,0,1,0,0,0,0,0,0,0,10
1977,5.73,0,0,1,47,3,0,1,0,0,1,1,0,1,0,10
1977,10.61,0,0,1,17,3,1,1,0,0,1,0,1,0,0,13
1977,6.84,0,0,1,45,3,1,1,0,0,1,0,1,0,0,13
1977,7.78,0,1,0,9,4,1,1,0,0,1,0,0,1,0,12
1977,4.21,0,0,1,18,3,0,1,0,0,0,0,0,1,0,10
1977,10.12,0,0,1,28,3,1,1,0,0,1,0,0,0,0,12
1977,5.56,1,0,0,10,1,0,1,0,0,1,0,1,0,0,13
1977,5.77,1,0,0,24,2,0,1,0,0,0,0,1,0,0,10
1977,3.85,0,0,1,14,3,0,1,0,0,1,0,0,0,0,12
1977,4.33,0,0,1,31,3,0,1,0,0,0,0,0,0,0,8
1977,4.09,0,0,1,3,3,0,1,1,1,0,0,0,0,0,10
1977,7.69,1,0,0,9,1,1,0,0,0,1,0,1,0,0,12
1977,6.98,0,0,1,38,3,1,1,0,0,1,0,0,0,0,14
1977,5.69,0,0,1,35,3,1,1,0,1,1,0,0,1,0,8
1977,1.2,0,0,1,5,3,0,1,0,1,1,0,0,1,0,12
1977,7.48,0,0,1,3,3,1,1,0,0,0,0,0,1,0,16
1977,3.13,0,1,0,5,4,0,1,1,1,1,0,0,0,0,12
1977,5.61,0,0,1,13,3,0,1,0,0,1,0,0,0,0,12
1977,3.27,0,0,1,4,3,0,1,0,1,0,1,0,1,0,12
1977,6.25,0,1,0,10,4,1,1,0,0,1,0,0,1,0,12
1977,7.69,0,1,0,10,4,1,1,0,0,1,0,0,1,0,13
1977,4,1,0,0,23,2,1,1,0,1,0,0,0,1,0,12
1977,4.66,0,1,0,38,4,0,1,0,1,0,0,0,1,0,10
1977,3.82,0,0,1,4,3,0,1,0,0,1,0,0,0,0,10
1977,5.24,0,1,0,13,4,1,1,0,0,1,0,1,0,0,12
1977,5.13,0,0,1,35,3,1,0,0,1,1,0,0,0,0,10
1977,3.37,1,0,0,2,2,1,1,0,1,0,0,1,0,0,12
1977,6.41,1,0,0,5,2,1,1,0,1,0,0,0,1,0,13
1977,4.81,0,0,1,13,3,1,1,0,1,1,0,0,1,0,12
1977,5.61,0,1,0,25,4,1,1,0,0,1,0,0,1,0,13
1977,7.97,0,1,0,9,4,1,1,0,0,1,0,0,1,0,13
1977,3.75,1,0,0,20,2,0,1,0,1,1,0,0,0,0,13
1977,5.15,0,1,0,10,4,1,1,0,1,1,0,0,1,0,10
1977,5.77,0,1,0,17,4,1,1,0,0,1,0,1,0,0,12
1977,4.94,0,0,1,46,3,1,1,0,0,1,0,0,0,0,12
1977,3.75,0,0,1,3,3,0,1,0,0,0,0,0,1,0,12
1977,1.98,0,1,0,23,4,0,1,0,0,1,0,1,0,0,10
1977,2.52,0,1,0,3,4,0,1,0,1,0,0,0,1,0,8
1977,2.93,0,0,1,42,3,0,1,1,1,0,0,0,1,0,12
1977,5.09,0,0,1,35,3,1,1,0,0,1,0,0,0,0,5
1977,2.4,0,1,0,4,4,0,1,0,0,0,1,0,1,0,13
1977,4.87,0,0,1,12,3,1,1,0,0,0,0,0,0,0,10
1977,6.59,0,0,1,20,3,0,1,1,0,1,0,0,1,0,13
1977,1.2,0,0,1,4,3,0,1,0,1,1,0,0,1,0,12
1977,3.33,0,1,0,8,4,0,1,0,1,0,0,0,1,0,12
1977,1.96,1,0,0,1,2,0,1,0,1,0,0,0,1,0,13
1977,2.73,1,0,0,41,1,0,1,0,0,1,0,0,1,0,8
1977,2.63,1,0,0,0,2,1,1,0,1,1,1,0,1,0,10
1977,3.75,0,0,1,1,3,0,1,0,0,0,0,0,0,0,10
1977,3.08,0,0,1,8,3,1,1,1,1,1,0,1,0,1,10
1977,4.27,0,1,0,44,4,0,0,0,0,1,1,0,0,1,12
1977,4.5,0,1,0,11,4,0,1,0,0,1,0,1,0,0,8
1977,5.53,1,0,0,8,2,0,1,0,0,1,0,0,1,0,12
1977,4.09,0,1,0,5,4,1,1,1,0,1,0,1,0,0,12
1977,4.55,0,0,1,5,3,0,1,0,0,1,0,0,1,0,12
1977,18.74,1,0,0,7,2,0,0,0,0,1,0,0,1,0,10
1977,4.12,0,0,1,12,3,0,1,0,0,1,0,0,1,0,16
1977,5.77,0,1,0,20,4,1,0,0,0,1,0,0,0,0,5
1977,4.81,0,0,1,3,3,1,1,0,0,0,0,0,0,0,12
1977,5.77,0,0,1,6,3,0,1,0,0,1,0,0,0,0,12
1977,4.81,0,0,1,42,3,1,1,0,1,1,0,0,1,0,5
1977,8.65,0,0,1,22,3,1,1,0,0,1,1,0,1,0,12
1977,1.92,0,1,0,3,4,0,1,0,1,1,0,0,0,0,10
1977,5.93,0,1,0,29,4,0,0,0,0,1,0,0,0,0,8
1977,6.01,0,0,1,8,3,1,1,0,0,1,0,1,0,0,12
1977,3.35,0,0,1,4,3,0,1,0,0,0,0,0,1,0,12
1977,6.01,0,0,1,32,3,0,1,0,0,1,0,0,0,0,8
1977,2.96,0,1,0,2,4,1,1,0,0,0,1,0,1,0,12
1977,10.82,0,0,1,24,3,0,1,0,0,1,0,0,1,0,16
1977,4.81,0,1,0,23,4,0,1,0,0,1,0,0,1,0,12
1977,8.79,0,0,1,40,3,0,1,0,0,1,0,1,0,0,12
1977,11.6,0,0,1,14,3,1,0,0,0,1,0,0,1,0,12
1977,4.81,0,1,0,5,4,1,1,0,0,0,0,1,0,0,12
1977,3.75,0,1,0,44,4,1,1,0,0,1,0,0,0,0,8
1977,5.29,0,1,0,12,4,1,1,0,0,1,0,1,0,0,16
1977,6.5,0,0,1,9,3,1,1,0,0,1,0,0,1,0,12
1977,5.82,0,1,0,30,4,1,1,0,0,1,0,0,0,0,10
1977,1.79,0,0,1,2,3,1,1,0,0,0,0,1,0,0,12
1977,4.28,0,1,0,3,4,1,1,0,0,0,0,0,0,0,12
1977,1.98,0,0,1,25,3,0,0,0,1,1,0,0,0,0,10
1977,2.31,0,0,1,9,3,0,1,0,1,1,0,0,1,0,12
1977,3.5,0,0,1,10,3,1,1,1,1,1,0,0,0,0,10
1977,4.37,0,0,1,2,3,0,1,0,1,1,0,0,0,0,12
1977,2.26,0,0,1,23,3,1,0,0,1,1,0,0,0,0,8
1977,3.75,1,0,0,19,2,0,1,0,1,0,0,0,1,0,10
1977,3.75,0,0,1,34,3,0,0,0,1,1,0,0,0,0,12
1977,2.64,0,1,0,8,4,0,1,0,1,1,0,0,0,0,12
1977,2.26,0,0,1,21,3,1,1,0,1,0,0,0,1,0,10
1977,1.83,0,1,0,11,4,0,0,0,1,1,0,0,0,0,10
1977,2.88,0,0,1,20,3,0,0,0,1,0,0,0,0,0,13
1977,1.98,0,0,1,10,3,0,0,0,1,0,0,0,0,0,5
1977,1.98,1,0,0,27,2,0,0,0,1,1,0,0,1,0,10
1977,1.98,0,0,1,25,3,0,1,0,1,1,0,0,0,0,8
1977,3.37,1,0,0,9,2,0,1,0,1,1,0,0,0,0,10
1977,1.98,0,0,1,19,3,1,1,0,1,0,0,0,0,0,8
1977,1.92,0,0,1,26,3,0,0,0,1,1,0,0,0,0,5
1977,3.37,0,0,1,11,3,0,1,0,1,1,0,0,0,0,10
1977,3.75,0,1,0,36,4,1,1,0,0,1,0,0,1,0,5
1977,3.75,0,1,0,6,4,0,1,0,1,1,1,1,0,0,12
1977,6.59,0,0,1,33,3,0,1,0,0,1,0,0,1,0,12
1977,3.75,0,0,1,35,3,0,1,1,0,1,0,0,0,0,10
1977,7.96,0,0,1,42,3,0,0,0,0,1,0,0,1,0,10
1977,3.75,1,0,0,28,2,0,1,0,0,1,0,0,1,1,12
1977,6.61,0,0,1,11,3,1,1,0,0,1,0,0,1,0,12
1977,8.65,0,0,1,42,3,1,1,1,0,1,0,1,0,0,10
1977,5.02,1,0,0,33,2,0,1,0,0,1,0,1,0,0,12
1977,11.54,0,0,1,42,3,1,1,0,0,0,1,0,0,0,10
1977,5.9,0,0,1,25,3,0,1,0,0,1,0,0,1,0,12
1977,3.75,0,0,1,6,3,0,1,1,0,1,0,0,0,0,8
1977,8.7,0,1,0,41,4,1,1,0,0,1,1,1,0,0,12
1977,21.54,0,0,1,34,3,0,1,0,0,1,1,0,1,0,12
1977,3.27,0,0,1,27,3,0,0,0,1,1,0,0,0,0,12
1977,3.3,0,0,1,17,3,0,1,0,1,0,0,0,0,0,10
1977,5.49,0,0,1,44,3,1,1,0,0,1,0,0,1,0,12
1977,2.4,0,0,1,42,3,1,1,0,1,0,0,1,0,0,10
1977,4.09,0,0,1,1,3,1,1,0,0,0,0,1,0,0,12
1977,1.98,0,1,0,35,4,0,1,1,0,1,0,0,0,0,5
1977,7.21,0,0,1,42,3,1,1,0,0,1,0,0,0,0,10
1977,8.5,0,0,1,4,3,1,1,0,0,1,1,0,1,0,16
1977,1.98,0,0,1,1,3,0,1,0,1,1,0,0,0,0,8
1977,7.18,0,0,1,18,3,1,1,0,0,1,0,0,0,0,10
1977,4.81,0,1,0,6,5,0,1,0,0,1,0,0,0,0,16
1977,5.24,0,0,1,15,3,1,1,0,0,1,0,1,0,0,12
1977,9.13,0,1,0,24,4,0,1,0,0,1,0,0,0,0,12
1977,3.75,0,0,1,25,3,0,1,0,1,1,0,0,1,0,12
1977,7.69,0,1,0,40,4,1,1,1,0,0,0,1,0,0,12
1977,8.6,0,1,0,31,4,1,1,1,0,1,0,0,0,0,5
1977,5.29,1,0,0,20,2,0,1,0,0,1,0,0,0,0,10
1977,2.4,1,0,0,0,2,1,0,0,0,0,1,0,1,0,8
1977,3.21,0,0,1,5,3,0,0,0,0,1,0,0,0,0,12
1977,6.67,1,0,0,15,2,1,1,0,1,1,0,0,0,0,10
1977,3.85,0,1,0,5,4,1,1,1,0,1,0,0,1,0,13
1977,8.49,0,0,1,36,3,0,1,0,0,1,0,0,1,0,12
1977,7.21,1,0,0,18,2,1,1,0,0,1,0,0,1,0,10
1977,3.33,1,0,0,22,2,0,1,0,0,1,0,0,1,1,13
1977,4.27,0,0,1,2,3,1,1,0,1,0,0,0,0,0,12
1977,2.88,0,1,0,4,4,0,1,0,0,0,0,0,1,0,13
1977,4.09,1,0,0,10,2,0,1,0,0,1,0,1,0,0,12
1977,2.75,0,0,1,36,3,0,1,1,1,1,0,0,0,0,10
1977,4.12,0,1,0,9,4,1,1,1,1,0,0,0,0,0,8
1977,9.62,0,1,0,15,4,1,1,0,0,1,0,0,1,0,12
1977,5.53,0,0,1,5,3,0,1,0,0,1,1,0,1,0,12
1977,4.01,0,0,1,5,3,0,1,0,1,1,0,0,0,0,13
1977,3.41,0,0,1,4,3,0,1,0,0,1,0,0,0,0,14
1977,6.92,0,0,1,3,3,0,1,0,0,1,0,1,0,0,12
1977,3.75,0,0,1,12,3,0,0,1,1,1,0,0,0,0,12
1977,7.96,0,1,0,5,4,1,1,0,0,0,1,0,1,0,12
1977,3.75,0,1,0,6,4,1,1,1,1,1,0,0,0,0,8
1977,4.28,0,0,1,7,3,1,1,0,1,0,0,0,0,0,12
1977,2.31,1,0,0,35,1,1,1,0,0,1,0,0,0,0,5
1977,3.8,0,0,1,15,3,1,0,0,1,1,0,0,1,0,12
1977,4.09,0,0,1,5,3,0,1,0,0,0,0,0,0,0,12
1977,3.85,0,0,1,12,3,1,1,0,1,1,0,0,0,0,12
1977,3.75,1,0,0,23,2,1,1,0,1,1,0,1,0,0,10
1977,3,0,1,0,10,4,1,1,1,0,0,0,0,0,0,12
1977,3.96,0,0,1,1,3,1,1,1,0,0,0,0,0,0,16
1977,8.55,0,0,1,20,3,1,1,0,0,1,0,0,0,0,12
1977,3.75,0,1,0,14,4,1,1,1,0,1,0,0,1,0,10
1977,6,0,0,1,1,3,0,1,0,0,1,0,0,0,0,8
1977,4.81,1,0,0,6,2,1,1,0,0,1,1,0,1,0,12
1977,2.5,0,0,1,26,3,0,1,0,0,1,0,0,0,0,12
1977,4.32,0,0,1,18,3,1,1,1,1,0,0,0,1,0,10
1977,1.27,0,0,1,4,3,0,1,0,0,0,0,0,1,0,12
1977,5.77,1,0,0,13,2,1,1,0,1,1,0,0,1,0,12
1977,4.2,1,0,0,33,2,1,1,0,0,1,0,0,1,0,10
1977,13.74,0,0,1,28,3,1,1,0,0,1,0,0,1,0,12
1977,2.56,0,0,1,4,3,0,1,0,0,1,0,0,0,0,16
1977,5.13,0,1,0,42,4,1,1,0,0,1,0,1,0,0,13
1977,7.21,0,0,1,39,3,1,1,0,0,1,0,1,0,0,5
1977,4.24,0,0,1,7,3,0,1,0,0,1,0,0,1,1,13
1977,4.1,1,0,0,38,2,0,1,0,0,1,0,0,1,0,12
1977,8.5,0,0,1,19,3,1,1,0,0,1,1,0,0,0,12
1977,5.94,0,0,1,29,3,1,1,0,0,1,0,1,0,0,12
1977,10.54,0,0,1,35,3,1,1,1,0,1,0,1,0,0,10
1977,3.5,0,0,1,18,3,0,1,0,0,1,0,0,1,0,10
1977,5.95,0,0,1,8,3,1,1,0,0,1,1,0,1,0,13
1977,8.89,0,1,0,20,4,1,1,0,0,1,0,0,1,0,13
1977,5.73,1,0,0,34,2,1,1,0,0,1,0,0,0,0,5
1977,1.05,0,0,1,29,3,0,1,1,0,1,0,0,0,0,5
1977,3.85,0,1,0,8,4,1,1,0,0,1,0,0,1,0,13
1977,2.88,0,0,1,4,3,0,1,0,0,0,1,0,1,0,12
1977,8.44,0,1,0,15,4,1,1,0,0,1,0,0,0,0,12
1977,3.61,0,1,0,6,5,0,1,0,0,0,0,0,0,0,12
1977,5.77,0,0,1,20,3,1,1,0,0,0,0,0,0,0,12
1977,3.33,0,0,1,35,3,1,1,1,0,1,0,1,0,0,8
1977,7.96,1,0,0,44,2,0,0,0,0,1,0,0,0,0,5
1977,4.49,0,1,0,17,5,1,1,0,0,1,0,0,0,0,10
1977,2.38,0,1,0,3,4,0,1,0,0,0,0,0,1,0,13
1977,5.08,0,0,1,40,3,1,1,0,0,1,0,0,1,0,12
1977,5.31,0,1,0,18,4,0,1,0,0,1,0,1,0,0,12
1977,5.31,0,0,1,23,3,1,1,0,0,0,0,0,1,0,12
1977,6.54,0,1,0,10,4,0,1,0,0,1,0,0,0,0,10
1977,7.43,0,0,1,18,3,1,1,1,0,0,1,0,1,0,10
1977,5.29,0,0,1,42,3,1,1,0,0,1,0,0,0,0,12
1977,11.09,0,0,1,38,3,1,1,0,0,1,0,0,1,0,8
1977,3.33,0,1,0,5,4,0,1,1,0,0,0,0,0,0,13
1977,3.27,1,0,0,25,2,0,1,0,0,1,1,0,0,0,8
1977,3.85,1,0,0,26,2,1,1,0,0,1,0,0,0,0,8
1977,8.04,0,0,1,11,3,0,1,0,0,1,0,0,1,0,12
1977,4.62,0,0,1,16,3,0,1,0,0,1,0,0,0,0,10
1977,7.96,0,1,0,40,4,1,1,0,0,1,0,0,0,0,5
1977,4.85,0,1,0,7,4,0,1,0,0,1,1,0,0,0,12
1977,6.97,0,0,1,17,3,0,1,0,0,0,0,0,1,0,12
1977,4.81,0,0,1,44,3,0,1,0,0,1,0,1,0,0,12
1977,3.02,0,0,1,6,3,0,0,0,0,1,0,0,1,0,12
1977,3.98,0,0,1,8,3,0,1,0,0,1,0,0,1,0,12
1977,5.56,0,0,1,31,3,0,1,0,0,0,0,0,1,0,12
1977,7.32,0,0,1,26,3,1,1,0,0,1,0,0,1,0,12
1977,7.69,0,0,1,20,3,1,1,0,0,1,0,0,1,0,10
1977,6.29,1,0,0,22,2,0,1,0,0,1,0,0,1,0,13
1977,9.62,0,0,1,11,3,1,1,0,0,1,1,0,1,0,12
1977,7.63,0,1,0,8,4,0,1,0,0,1,0,0,1,0,13
1977,4.29,0,0,1,40,3,1,1,0,0,1,0,0,0,0,5
1977,25.64,0,0,1,13,3,0,1,0,0,1,0,0,0,0,10
1977,4.24,0,1,0,3,4,0,1,0,0,0,0,1,0,0,12
1977,3.87,0,1,0,10,4,0,1,0,0,1,0,0,1,0,12
1977,5.73,0,0,1,18,3,1,1,0,0,1,0,0,1,0,10
1977,3.5,0,0,1,5,3,0,1,0,1,1,0,0,0,0,12
1977,5.05,0,0,1,16,3,1,1,1,0,1,0,1,0,0,10
1977,7.96,0,0,1,10,3,1,1,0,0,1,1,0,1,0,12
1977,7.96,0,1,0,10,4,1,1,0,0,1,0,0,1,0,12
1977,3.41,0,0,1,3,3,1,1,0,0,0,0,0,0,0,12
1977,5.73,0,0,1,40,3,1,1,0,0,0,0,0,0,0,8
1977,8.89,0,0,1,35,3,0,1,0,0,1,1,0,0,0,12
1977,4.81,0,0,1,28,3,1,1,0,0,1,0,0,0,0,10
1977,4.81,0,0,1,16,3,0,1,0,0,1,0,0,0,0,14
1977,3.75,0,0,1,19,3,0,1,1,0,0,0,0,1,0,12
1977,13.41,0,1,0,11,4,1,1,0,0,1,0,0,0,0,10
1977,5.09,1,0,0,10,2,0,1,0,0,1,0,0,0,0,12
1977,2.88,0,1,0,4,4,1,1,1,0,0,0,0,1,0,12
1977,3.21,0,1,0,2,4,0,1,1,0,0,1,0,1,0,14
1977,4.55,0,0,1,5,3,0,1,0,0,0,0,0,0,0,12
1977,5.77,1,0,0,31,2,1,1,0,0,0,1,0,0,0,10
1977,8.85,0,0,1,28,3,1,1,0,0,1,1,1,0,0,14
1977,4.41,0,0,1,9,3,1,1,0,0,1,0,1,0,0,10
1977,4.27,0,0,1,12,3,0,1,0,0,1,0,0,1,0,13
1977,10.12,0,0,1,17,3,0,1,0,0,1,0,0,1,0,13
1977,5.29,0,0,1,37,3,0,1,1,0,1,1,0,1,0,13
1977,5.73,1,0,0,35,2,1,1,0,0,1,0,0,0,0,8
1977,7.63,0,0,1,35,3,1,1,0,0,1,1,0,1,0,12
1977,7.69,0,1,0,10,4,1,1,0,0,1,1,0,1,0,13
1977,6.08,0,0,1,42,3,1,0,0,0,1,0,0,0,0,12
1977,7.49,0,0,1,27,3,1,1,0,0,0,0,0,1,0,12
1977,6.37,0,0,1,5,3,1,1,0,0,1,1,1,0,0,13
1977,6.41,0,0,1,5,3,1,1,0,1,0,0,0,1,0,12
1977,1.98,0,0,1,3,3,0,1,0,0,0,0,0,0,0,12
1977,3.85,0,0,1,37,3,0,0,1,0,0,0,0,1,0,5
1977,7.05,0,0,1,14,3,0,1,0,0,0,0,0,1,0,12
1977,5.13,0,0,1,21,3,0,1,0,0,1,0,0,0,0,13
1977,6.35,0,0,1,7,3,1,1,0,0,1,0,0,1,0,10
1977,6.69,0,0,1,27,3,1,1,0,0,1,1,0,0,0,12
1977,4.62,0,0,1,1,3,0,1,0,0,0,0,0,1,0,13
1977,5.02,0,0,1,31,3,0,1,0,0,1,1,0,1,0,13
1977,4.23,1,0,0,42,2,0,1,0,0,1,1,0,1,1,5
1977,4.33,0,0,1,45,3,0,0,1,0,1,0,1,0,0,5
1977,6.54,0,0,1,34,3,1,1,0,0,1,0,0,1,0,10
1977,7.13,0,1,0,9,4,1,1,0,0,0,0,0,1,0,13
1977,3.85,0,1,0,3,4,0,1,0,0,1,1,0,1,1,10
1977,2.17,0,0,1,2,3,0,1,0,1,1,1,0,0,0,10
1977,5.29,0,0,1,36,3,1,1,1,0,1,0,1,0,0,10
1977,6.49,0,0,1,27,3,1,1,0,1,1,0,0,1,0,12
1977,10.19,0,1,0,39,4,0,1,0,0,1,0,0,0,0,12
1977,5.79,0,1,0,9,4,0,1,0,0,1,0,0,0,0,16
1977,3.82,0,0,1,47,3,0,1,0,0,0,0,0,0,0,12
1977,12.54,0,0,1,13,3,0,1,0,0,1,0,0,0,0,12
1977,7.69,0,0,1,28,3,0,1,0,0,1,0,0,0,0,10
1977,8.55,0,0,1,26,3,0,1,0,0,1,0,0,0,0,12
1977,5.92,1,0,0,34,2,0,1,0,0,1,0,0,0,0,12
1977,13.74,0,1,0,28,4,0,1,0,0,1,0,0,0,0,12
1977,2.12,1,0,0,17,2,0,1,0,1,1,0,0,0,0,14
1977,16.14,1,0,0,10,2,0,1,0,0,1,0,0,0,0,13
1977,1.32,0,0,1,21,3,0,0,0,0,1,0,0,0,0,10
1977,1.79,0,1,0,15,4,0,1,0,0,1,0,0,0,0,12
1977,2.32,0,1,0,15,4,0,1,0,0,1,0,0,0,0,13
1977,3.7,0,0,1,11,3,0,1,0,0,1,0,0,0,0,12
1977,6.75,0,0,1,37,3,0,1,0,0,1,0,0,0,0,10
1977,8.44,0,0,1,43,3,0,1,0,0,1,0,0,0,0,5
1977,26.24,1,0,0,37,2,0,1,0,0,1,0,0,0,0,12
1977,8.88,0,0,1,24,3,0,1,0,0,1,0,0,0,0,12
1977,2.5,0,0,1,17,3,0,1,0,0,1,0,0,0,0,10
1977,7.28,0,0,1,16,3,0,1,0,0,1,0,0,0,0,12
1977,7.84,0,0,1,36,3,0,1,0,0,1,0,0,0,0,12
1977,26.24,0,0,1,37,3,0,1,0,0,1,0,0,0,0,12
1977,6.33,0,0,1,38,3,0,1,0,0,1,0,0,0,0,8
1977,4.16,0,1,0,9,4,0,1,0,0,1,0,0,0,0,12
1977,3.21,0,1,0,36,4,0,1,0,0,1,1,0,0,0,5
1977,2.02,1,0,0,41,2,0,1,0,1,0,0,0,1,0,5
1977,9.23,0,0,1,10,3,1,1,0,0,1,0,1,0,0,12
1977,2.68,0,0,1,33,3,0,1,0,0,1,0,0,0,0,5
1977,8.65,0,1,0,5,4,0,1,0,1,1,0,0,0,0,14
1977,2.08,0,1,0,1,4,0,1,0,1,0,0,0,0,1,12
1977,6.25,0,1,0,47,4,0,0,1,1,1,0,0,1,0,5
1977,1.92,1,0,0,8,2,0,1,0,0,1,0,0,0,0,12
1977,3.08,1,0,0,6,2,0,1,0,0,1,0,0,0,1,10
1977,2.11,0,0,1,12,3,0,1,0,1,1,0,1,0,1,12
1977,3.46,1,0,0,26,1,0,1,0,1,0,1,0,0,1,5
1977,4.81,0,0,1,14,3,1,1,0,0,1,0,0,1,0,10
1977,3.37,0,0,1,13,3,1,1,0,1,0,1,0,1,1,5
1977,5.77,1,0,0,39,2,1,1,0,0,1,0,0,0,0,5
1977,3.34,1,0,0,10,2,0,1,0,0,1,0,0,1,1,13
1977,7.26,0,0,1,27,3,1,0,0,0,1,0,0,1,0,10
1977,3.73,0,0,1,5,3,0,1,0,0,1,0,1,0,0,13
1977,2.21,0,0,1,6,3,1,1,0,1,0,0,0,1,0,12
1977,2.92,0,0,1,32,3,0,0,0,0,1,0,0,0,1,8
1977,3.53,0,1,0,1,4,1,1,1,0,1,0,0,1,1,8
1977,1.8,0,1,0,8,4,0,1,0,1,1,0,0,1,0,12
1977,2.6,0,1,0,15,4,0,1,0,1,1,0,0,1,1,10
1977,1.17,1,0,0,1,2,0,1,1,0,0,0,0,1,0,12
1977,1.88,0,0,1,25,3,1,1,0,1,0,0,0,0,0,10
1977,2.88,0,0,1,15,3,1,1,1,1,1,0,1,0,0,10
1977,1.92,0,1,0,7,4,0,1,0,1,1,0,0,1,0,12
1977,1.88,0,1,0,1,4,0,1,0,1,0,0,1,0,0,12
1977,3.37,0,0,1,12,3,0,1,0,1,1,0,0,0,1,12
1977,1.82,0,0,1,3,3,0,1,0,1,0,0,0,1,1,10
1977,1.46,0,1,0,2,4,0,1,1,0,1,0,0,1,0,10
1977,2.26,0,0,1,3,3,0,1,0,1,1,1,0,1,1,10
1977,2.07,1,0,0,2,2,0,1,0,1,0,1,0,1,0,12
1977,3.54,0,0,1,16,3,0,1,0,0,1,0,0,1,0,13
1977,1.26,1,0,0,32,1,0,1,1,1,0,0,0,0,0,5
1977,2.26,0,0,1,20,3,0,1,0,1,1,0,0,0,1,10
1977,3.95,0,0,1,17,3,0,1,0,1,1,0,0,0,1,12
1977,2.65,0,0,1,15,3,0,1,0,1,0,0,0,0,0,5
1977,3.75,1,0,0,19,2,0,1,0,1,1,1,1,0,1,8
1977,2.26,0,0,1,37,3,1,0,0,0,0,0,0,1,0,5
1977,2.19,0,0,1,29,3,1,1,1,1,0,0,0,1,1,10
1977,2.19,1,0,0,5,2,0,0,0,1,0,1,0,0,1,13
1977,3.21,0,0,1,7,3,0,1,0,1,0,0,0,1,0,5
1977,2.47,1,0,0,23,2,0,1,0,1,0,0,0,0,0,5
1977,3,0,1,0,5,4,0,1,0,1,0,0,0,1,0,12
1977,3.75,0,0,1,29,3,0,1,0,0,0,0,0,1,1,8
1977,2,0,0,1,13,3,0,1,0,1,0,0,0,1,0,12
1977,2.26,1,0,0,10,2,0,1,0,1,1,0,0,1,0,12
1977,2.88,0,1,0,12,4,0,1,0,1,1,0,0,0,0,13
1977,4.69,0,0,1,7,3,1,1,0,1,1,0,0,1,0,12
1977,3.95,0,0,1,9,3,0,1,0,1,1,0,1,0,0,12
1977,6.54,0,0,1,4,3,0,1,0,0,1,1,1,0,0,12
1977,3.57,0,0,1,26,3,0,1,0,1,0,0,0,1,1,12
1977,5.31,0,0,1,15,3,0,1,0,0,1,0,0,1,1,17
1977,2.63,0,1,0,19,4,0,1,0,1,1,0,0,0,0,10
1977,4.33,0,0,1,22,3,0,0,0,0,1,0,1,0,0,16
1977,2.25,1,0,0,12,1,0,1,1,1,0,0,0,0,0,5
1977,2.75,0,0,1,11,3,0,1,0,1,1,1,0,1,0,10
1977,3.29,0,0,1,6,3,1,1,0,1,1,0,0,1,1,12
1977,5.77,0,1,0,13,4,0,1,0,0,1,0,1,0,0,14
1977,4.74,0,1,0,8,4,0,1,0,1,0,0,0,1,1,13
1977,4.12,0,0,1,7,3,0,1,0,1,0,1,0,1,1,13
1977,2.89,0,0,1,12,3,0,1,1,1,0,0,1,0,1,10
1977,6.96,0,0,1,11,3,1,1,0,0,1,0,1,0,0,13
1977,6.41,1,0,0,41,2,0,1,0,0,1,1,0,1,1,12
1977,4.28,0,0,1,7,3,1,1,0,1,1,0,1,0,1,12
1977,1.28,0,1,0,9,4,0,1,0,1,1,0,0,1,1,13
1977,2.56,0,0,1,40,3,1,1,0,1,0,0,0,0,1,10
1977,4.62,0,1,0,7,4,0,1,1,1,1,0,0,0,1,14
1977,1.98,0,0,1,9,3,0,1,0,1,1,0,0,1,1,12
1977,1.92,0,1,0,13,4,0,1,0,1,0,0,0,0,1,13
1977,1.8,1,0,0,33,2,0,0,0,1,1,1,1,0,1,13
1977,1.98,0,0,1,17,3,0,1,0,1,0,0,0,1,1,14
1977,2,1,0,0,3,2,0,1,1,1,0,0,0,0,1,13
1977,2.11,0,0,1,8,3,0,1,0,1,0,0,0,0,1,16
1977,2.11,0,1,0,3,4,0,1,0,1,1,0,0,0,1,10
1977,2.77,0,0,1,9,3,0,1,0,0,0,1,0,1,1,13
1977,3.46,0,0,1,30,3,0,1,0,1,0,0,0,0,0,10
1977,6,0,1,0,5,4,0,1,0,1,0,1,1,0,1,13
1977,4.81,0,0,1,13,3,0,1,1,0,1,0,0,1,1,12
1977,2.33,1,0,0,5,2,0,1,0,1,1,0,0,0,1,12
1977,3.57,0,1,0,9,4,0,1,0,1,0,0,1,0,1,16
1977,1.98,0,0,1,8,3,0,1,0,1,0,1,0,1,1,13
1977,5.13,1,0,0,20,2,0,1,1,1,1,0,1,0,0,10
1977,4.47,0,0,1,3,3,0,1,0,1,0,0,0,1,1,13
1977,2.07,0,1,0,5,5,1,1,0,1,0,1,0,1,1,12
1977,6.97,0,0,1,20,3,1,1,0,1,1,0,0,1,1,13
1977,1.98,0,0,1,2,3,0,1,0,1,0,0,0,1,1,12
1977,4.62,0,0,1,7,3,0,1,0,1,0,0,0,1,1,12
1977,3.21,0,0,1,5,3,0,1,0,0,0,0,1,0,1,13
1977,1.8,0,0,1,46,3,0,1,0,1,0,0,0,0,1,14
1977,4.62,0,0,1,10,3,1,1,0,1,1,1,0,1,0,12
1977,6.11,0,0,1,27,3,0,1,0,0,1,0,0,0,0,12
1977,5.73,0,0,1,39,3,0,1,1,0,1,0,1,0,0,16
1977,3.57,0,1,0,13,4,0,1,0,0,1,0,0,0,1,13
1977,1.58,0,1,0,27,4,0,1,0,0,1,0,0,1,1,12
1977,4.21,0,1,0,7,4,0,1,0,0,1,0,0,0,1,12
1977,1.75,0,0,1,18,3,0,1,0,1,0,1,0,1,1,12
1977,2.15,1,0,0,6,1,0,1,0,1,1,0,0,0,1,12
1977,1.02,0,0,1,11,3,0,1,0,1,1,0,0,1,1,13
1977,2.4,1,0,0,10,2,0,1,1,1,1,0,0,0,1,12
1977,2.83,0,0,1,28,3,0,1,1,1,0,0,0,1,1,13
1977,3.29,0,0,1,2,3,0,1,0,1,1,0,0,0,1,10
1977,1.98,0,0,1,45,3,0,1,0,1,0,0,0,1,1,12
1977,23.16,0,0,1,9,3,0,1,0,0,0,0,1,0,1,10
1977,5.49,0,1,0,13,4,0,1,0,1,1,0,0,0,1,12
1977,3,0,0,1,40,3,0,1,0,0,0,1,1,0,1,13
1977,3.29,0,1,0,10,4,0,0,0,1,0,0,0,0,1,12
1977,2.88,0,1,0,15,4,0,1,0,1,0,0,0,0,1,12
1977,2.63,0,0,1,12,3,0,1,0,1,1,0,0,0,1,10
1977,5.82,1,0,0,20,2,0,1,0,1,0,0,0,0,1,17
1977,1.09,1,0,0,8,2,0,1,0,1,1,0,0,1,1,10
1977,1.28,0,1,0,13,4,0,1,0,1,1,0,0,1,0,12
1977,6.25,0,0,1,3,3,0,1,0,1,0,0,0,0,1,12
1977,2.88,0,1,0,7,4,0,1,0,0,1,0,0,0,0,14
1977,7.69,0,1,0,18,4,1,1,0,0,1,0,1,0,0,12
1977,7.14,0,1,0,13,4,0,1,0,0,1,0,0,1,0,12
1977,6.93,0,0,1,36,3,1,1,0,0,1,1,0,1,0,12
1977,1.56,0,0,1,4,3,0,1,0,0,0,0,0,1,0,12
1977,1.98,0,0,1,8,3,0,1,0,1,0,0,0,1,1,10
1977,8.75,0,0,1,24,3,1,1,0,0,0,0,0,1,1,16
1977,4.81,1,0,0,31,2,0,1,0,0,1,0,0,0,0,12
1977,4.71,0,0,1,16,3,0,1,0,0,1,0,0,0,0,13
1977,4.87,0,0,1,10,3,0,1,0,0,1,0,0,0,0,13
1977,4.62,0,1,0,10,4,0,1,0,0,1,1,0,0,0,13
1977,2.4,0,1,0,12,4,0,1,0,0,0,1,0,1,1,12
1977,5.34,1,0,0,20,2,0,1,0,0,1,0,0,0,0,12
1977,4.21,0,0,1,13,3,1,1,0,0,1,0,0,0,0,12
1977,4.72,0,1,0,9,4,1,1,0,0,1,0,0,0,0,13
1977,12.82,0,0,1,15,3,1,1,0,0,1,0,1,0,0,13
1977,6.73,0,0,1,34,3,0,1,0,0,1,0,0,1,0,10
1977,5.39,0,0,1,8,3,1,1,0,0,1,0,0,1,0,14
1977,5.31,0,1,0,3,4,0,1,0,0,0,0,0,1,0,17
1977,10.58,0,1,0,19,4,0,1,0,0,0,0,0,1,0,16
1977,8.65,0,0,1,10,3,1,1,0,0,1,0,1,0,0,13
1977,4.17,0,0,1,13,3,0,1,0,0,1,0,0,0,0,10
1977,6.81,0,0,1,7,3,1,1,0,0,0,0,0,1,0,12
1977,9.62,0,0,1,21,3,1,1,0,0,1,1,1,0,0,16
1977,1.22,0,0,1,10,3,0,1,0,1,0,0,0,0,1,5
1977,1.79,0,0,1,20,3,0,1,0,1,1,0,0,0,1,8
1977,1.61,0,0,1,25,3,0,1,1,1,0,0,0,0,1,12
1977,1.68,1,0,0,4,2,0,1,0,1,1,0,0,1,1,12
1977,3.29,0,0,1,35,3,0,1,1,1,0,0,0,1,1,12
1977,2.31,0,0,1,15,3,0,1,1,1,1,0,1,0,1,10
1977,1.92,0,0,1,24,3,0,0,0,1,0,1,0,1,1,16
